-- MySQL dump 10.13  Distrib 8.0.26, for Win64 (x86_64)
--
-- Host: localhost    Database: beaconapp
-- ------------------------------------------------------
-- Server version	8.0.26

/*!40101 SET @OLD_CHARACTER_SET_CLIENT=@@CHARACTER_SET_CLIENT */;
/*!40101 SET @OLD_CHARACTER_SET_RESULTS=@@CHARACTER_SET_RESULTS */;
/*!40101 SET @OLD_COLLATION_CONNECTION=@@COLLATION_CONNECTION */;
/*!50503 SET NAMES utf8 */;
/*!40103 SET @OLD_TIME_ZONE=@@TIME_ZONE */;
/*!40103 SET TIME_ZONE='+00:00' */;
/*!40014 SET @OLD_UNIQUE_CHECKS=@@UNIQUE_CHECKS, UNIQUE_CHECKS=0 */;
/*!40014 SET @OLD_FOREIGN_KEY_CHECKS=@@FOREIGN_KEY_CHECKS, FOREIGN_KEY_CHECKS=0 */;
/*!40101 SET @OLD_SQL_MODE=@@SQL_MODE, SQL_MODE='NO_AUTO_VALUE_ON_ZERO' */;
/*!40111 SET @OLD_SQL_NOTES=@@SQL_NOTES, SQL_NOTES=0 */;

--
-- Table structure for table `class_schedule`
--

DROP TABLE IF EXISTS `class_schedule`;
/*!40101 SET @saved_cs_client     = @@character_set_client */;
/*!50503 SET character_set_client = utf8mb4 */;
CREATE TABLE `class_schedule` (
  `훈련일자` text,
  `구분` text,
  `시작시간` text,
  `종료시간` text,
  `수업시간` text,
  `훈련강사` text,
  `교육장소(강의실)` text,
  `교과목` text
) ENGINE=InnoDB DEFAULT CHARSET=utf8mb4 COLLATE=utf8mb4_0900_ai_ci;
/*!40101 SET character_set_client = @saved_cs_client */;

--
-- Dumping data for table `class_schedule`
--

LOCK TABLES `class_schedule` WRITE;
/*!40000 ALTER TABLE `class_schedule` DISABLE KEYS */;
INSERT INTO `class_schedule` VALUES ('2022-10-25','훈련','10:10:00','16:00:00','5:50:00','이*복','드론융합실(융합)(실습겸용강의실)','(비NCS)재량교과'),('2022-10-26','훈련','9:10:00','17:00:00','7:50:00','전*덕','드론융합실(융합)(실습겸용강의실)','(비NCS)웹프로그래밍 실습'),('2022-10-27','훈련','9:10:00','17:00:00','7:50:00','류*걸','드론융합실(융합)(실습겸용강의실)','(비NCS)요구사항 분석과 계획수립 실습'),('2022-10-28','훈련','9:10:00','16:00:00','6:50:00','전*덕','드론융합실(융합)(실습겸용강의실)','(비NCS)웹프로그래밍 실습'),('2022-11-01','훈련','9:10:00','17:00:00','7:50:00','류*걸','드론융합실(융합)(실습겸용강의실)','(비NCS)요구사항 분석과 계획수립 실습'),('2022-11-02','훈련','9:10:00','17:00:00','7:50:00','류*걸','드론융합실(융합)(실습겸용강의실)','(비NCS)요구사항 분석과 계획수립 실습'),('2022-11-03','훈련','9:10:00','17:00:00','7:50:00','류*걸','드론융합실(융합)(실습겸용강의실)','(비NCS)요구사항 분석과 계획수립 실습'),('2022-11-04','훈련','9:10:00','16:00:00','6:50:00','류*걸','드론융합실(융합)(실습겸용강의실)','(비NCS)요구사항 분석과 계획수립 실습'),('2022-11-07','훈련','9:10:00','16:00:00','6:50:00','류*걸','드론융합실(융합)(실습겸용강의실)','(비NCS)요구사항 분석과 계획수립 실습'),('2022-11-08','훈련','9:10:00','17:00:00','7:50:00','전*덕','드론융합실(융합)(실습겸용강의실)','(비NCS)웹프로그래밍 실습'),('2022-11-09','훈련','9:10:00','17:00:00','7:50:00','류*걸','드론융합실(융합)(실습겸용강의실)','(비NCS)요구사항 분석과 계획수립 실습'),('2022-11-10','훈련','9:10:00','17:00:00','7:50:00','전*덕','드론융합실(융합)(실습겸용강의실)','(비NCS)웹프로그래밍 실습'),('2022-11-11','훈련','9:10:00','16:00:00','6:50:00','류*걸','드론융합실(융합)(실습겸용강의실)','(비NCS)요구사항 분석과 계획수립 실습'),('2022-11-14','훈련','9:10:00','10:10:00','1:00:00','류*걸','드론융합실(융합)(실습겸용강의실)','(비NCS)요구사항 분석과 계획수립 실습'),('2022-11-15','훈련','9:10:00','17:00:00','7:50:00','전*덕','드론융합실(융합)(실습겸용강의실)','(비NCS)웹프로그래밍 실습'),('2022-11-16','훈련','9:10:00','17:00:00','7:50:00','류*걸','드론융합실(융합)(실습겸용강의실)','(비NCS)요구사항 분석과 계획수립 실습'),('2022-11-17','훈련','9:10:00','17:00:00','7:50:00','전*덕','드론융합실(융합)(실습겸용강의실)','(비NCS)웹프로그래밍 실습'),('2022-11-18','훈련','9:10:00','16:00:00','6:50:00','조*현','드론융합실(융합)(실습겸용강의실)','(비NCS)파이썬 프로그래밍'),('2022-11-21','훈련','9:10:00','16:00:00','6:50:00','조*현','드론융합실(융합)(실습겸용강의실)','(비NCS)파이썬 프로그래밍'),('2022-11-22','훈련','9:10:00','17:00:00','7:50:00','전*덕','드론융합실(융합)(실습겸용강의실)','(비NCS)웹프로그래밍 실습'),('2022-11-23','훈련','9:10:00','17:00:00','7:50:00','조*현','드론융합실(융합)(실습겸용강의실)','(비NCS)파이썬 프로그래밍'),('2022-11-24','훈련','9:10:00','17:00:00','7:50:00','조*현','드론융합실(융합)(실습겸용강의실)','(비NCS)파이썬 프로그래밍'),('2022-11-25','훈련','9:10:00','16:00:00','6:50:00','조*현','드론융합실(융합)(실습겸용강의실)','(비NCS)파이썬 프로그래밍'),('2022-11-28','훈련','9:10:00','16:00:00','6:50:00','조*현','드론융합실(융합)(실습겸용강의실)','(비NCS)파이썬 프로그래밍'),('2022-11-29','훈련','9:10:00','17:00:00','7:50:00','전*덕','드론융합실(융합)(실습겸용강의실)','(비NCS)웹프로그래밍 실습'),('2022-11-30','훈련','9:10:00','17:00:00','7:50:00','조*현','드론융합실(융합)(실습겸용강의실)','(비NCS)파이썬 프로그래밍'),('2022-12-05','훈련','9:10:00','16:00:00','6:50:00','조*현','드론융합실(융합)(실습겸용강의실)','(비NCS)웹프로그래밍 실습'),('2022-12-06','훈련','9:10:00','17:00:00','7:50:00','조*현','드론융합실(융합)(실습겸용강의실)','(비NCS)웹프로그래밍 실습'),('2022-12-07','훈련','9:10:00','17:00:00','7:50:00','조*현','드론융합실(융합)(실습겸용강의실)','(비NCS)웹프로그래밍 실습'),('2022-12-08','훈련','9:10:00','17:00:00','7:50:00','조*현','드론융합실(융합)(실습겸용강의실)','(비NCS)파이썬 프로그래밍'),('2022-12-09','훈련','9:10:00','16:00:00','6:50:00','류*걸','드론융합실(융합)(실습겸용강의실)','(비NCS)알고리즘 프로그래밍'),('2022-12-12','훈련','9:10:00','16:00:00','6:50:00','류*걸','드론융합실(융합)(실습겸용강의실)','(비NCS)알고리즘 프로그래밍'),('2022-12-13','훈련','9:10:00','17:00:00','7:50:00','류*걸','드론융합실(융합)(실습겸용강의실)','(비NCS)알고리즘 프로그래밍'),('2022-12-14','훈련','9:10:00','17:00:00','7:50:00','조*현','드론융합실(융합)(실습겸용강의실)','(비NCS)파이썬 프로그래밍'),('2022-12-15','훈련','9:10:00','17:00:00','7:50:00','류*걸','드론융합실(융합)(실습겸용강의실)','(비NCS)알고리즘 프로그래밍'),('2022-12-16','훈련','9:10:00','16:00:00','6:50:00','류*걸','드론융합실(융합)(실습겸용강의실)','(비NCS)알고리즘 프로그래밍'),('2022-12-19','훈련','9:10:00','15:50:00','6:40:00','조*현','드론융합실(융합)(실습겸용강의실)','(비NCS)알고리즘 프로그래밍'),('2022-12-20','훈련','9:10:00','17:00:00','7:50:00','조*현','드론융합실(융합)(실습겸용강의실)','(비NCS)파이썬 프로그래밍'),('2022-12-21','훈련','9:10:00','17:00:00','7:50:00','조*현','드론융합실(융합)(실습겸용강의실)','(비NCS)파이썬 프로그래밍'),('2022-12-22','훈련','9:10:00','17:00:00','7:50:00','류*걸','드론융합실(융합)(실습겸용강의실)','(비NCS)알고리즘 프로그래밍'),('2022-12-23','훈련','9:10:00','15:00:00','5:50:00','류*걸','드론융합실(융합)(실습겸용강의실)','(비NCS)알고리즘 프로그래밍'),('2023-01-02','훈련','9:10:00','16:00:00','6:50:00','류*걸','드론융합실(융합)(실습겸용강의실)','(비NCS)알고리즘 프로그래밍'),('2023-01-03','훈련','9:10:00','17:00:00','7:50:00','류*걸','드론융합실(융합)(실습겸용강의실)','(비NCS)알고리즘 프로그래밍'),('2023-01-04','훈련','9:10:00','17:00:00','7:50:00','조*현','드론융합실(융합)(실습겸용강의실)','(비NCS)파이썬 프로그래밍'),('2023-01-05','훈련','9:10:00','17:00:00','7:50:00','조*현','드론융합실(융합)(실습겸용강의실)','(비NCS)데이터 수집 및 분석 프로그래밍'),('2023-01-06','훈련','9:10:00','16:00:00','6:50:00','류*걸','드론융합실(융합)(실습겸용강의실)','(비NCS)알고리즘 프로그래밍'),('2023-01-09','훈련','9:10:00','16:00:00','6:50:00','조*현','드론융합실(융합)(실습겸용강의실)','(비NCS)데이터 수집 및 분석 프로그래밍'),('2023-01-10','훈련','9:10:00','17:00:00','7:50:00','조*현','드론융합실(융합)(실습겸용강의실)','(비NCS)데이터 수집 및 분석 프로그래밍'),('2023-01-11','훈련','9:10:00','17:00:00','7:50:00','류*걸','드론융합실(융합)(실습겸용강의실)','(비NCS)알고리즘 프로그래밍'),('2023-01-12','훈련','9:10:00','16:50:00','7:40:00','조*현','드론융합실(융합)(실습겸용강의실)','(비NCS)데이터수집 및 분석 프로그래밍'),('2023-01-13','훈련','9:10:00','16:00:00','6:50:00','조*현','드론융합실(융합)(실습겸용강의실)','(비NCS)데이터 수집 및 분석 프로그래밍'),('2023-01-16','훈련','9:10:00','16:00:00','6:50:00','류*걸','드론융합실(융합)(실습겸용강의실)','(비NCS)알고리즘 프로그래밍'),('2023-01-17','훈련','9:10:00','17:00:00','7:50:00','류*걸','드론융합실(융합)(실습겸용강의실)','(비NCS)데이터베이스 설계와 SQL 활용'),('2023-01-18','훈련','9:10:00','17:00:00','7:50:00','류*걸','드론융합실(융합)(실습겸용강의실)','(비NCS)데이터베이스 설계와 SQL 활용'),('2023-01-19','훈련','9:10:00','17:00:00','7:50:00','조*현','드론융합실(융합)(실습겸용강의실)','(비NCS)데이터 수집 및 분석 프로그래밍'),('2023-01-20','훈련','9:10:00','15:00:00','5:50:00','조*현','드론융합실(융합)(실습겸용강의실)','(비NCS)데이터 수집 및 분석 프로그래밍'),('2023-01-25','훈련','9:10:00','17:00:00','7:50:00','류*걸','드론융합실(융합)(실습겸용강의실)','(비NCS)데이터베이스 설계와 SQL 활용'),('2023-01-26','훈련','9:10:00','17:00:00','7:50:00','조*현','드론융합실(융합)(실습겸용강의실)','(비NCS)데이터 수집 및 분석 프로그래밍'),('2023-01-27','훈련','9:10:00','16:00:00','6:50:00','조*현','드론융합실(융합)(실습겸용강의실)','(비NCS)데이터 수집 및 분석 프로그래밍'),('2023-01-30','훈련','9:10:00','16:00:00','6:50:00','류*걸','드론융합실(융합)(실습겸용강의실)','(비NCS)데이터베이스 설계와 SQL 활용'),('2023-01-31','훈련','9:10:00','17:00:00','7:50:00','류*걸','드론융합실(융합)(실습겸용강의실)','(비NCS)데이터베이스 설계와 SQL 활용'),('2023-02-01','훈련','9:10:00','17:00:00','7:50:00','류*걸','드론융합실(융합)(실습겸용강의실)','(비NCS)데이터베이스 설계와 SQL 활용'),('2023-02-02','훈련','9:10:00','17:00:00','7:50:00','조*현','드론융합실(융합)(실습겸용강의실)','(비NCS)데이터 수집 및 분석 프로그래밍'),('2023-02-03','훈련','9:10:00','16:00:00','6:50:00','조*현','드론융합실(융합)(실습겸용강의실)','(비NCS)데이터 수집 및 분석 프로그래밍'),('2023-02-06','훈련','9:10:00','16:00:00','6:50:00','류*걸','드론융합실(융합)(실습겸용강의실)','(비NCS)데이터베이스 설계와 SQL 활용'),('2023-02-07','훈련','9:10:00','17:00:00','7:50:00','류*걸','드론융합실(융합)(실습겸용강의실)','(비NCS)머신러닝딥러닝 실습'),('2023-02-08','훈련','9:10:00','17:00:00','7:50:00','류*걸','드론융합실(융합)(실습겸용강의실)','(비NCS)데이터베이스 설계와 SQL 활용'),('2023-02-09','훈련','9:10:00','17:00:00','7:50:00','조*현','드론융합실(융합)(실습겸용강의실)','(비NCS)데이터 수집 및 분석 프로그래밍'),('2023-02-10','훈련','9:10:00','16:00:00','6:50:00','조*현','드론융합실(융합)(실습겸용강의실)','(비NCS)클라우드와 인공지능 플랫폼 활용 실습'),('2023-02-13','훈련','9:10:00','16:00:00','6:50:00','류*걸','드론융합실(융합)(실습겸용강의실)','(비NCS)머신러닝딥러닝 실습'),('2023-02-14','훈련','9:10:00','17:00:00','7:50:00','류*걸','드론융합실(융합)(실습겸용강의실)','(비NCS)머신러닝딥러닝 실습'),('2023-02-15','훈련','9:10:00','17:00:00','7:50:00','류*걸','드론융합실(융합)(실습겸용강의실)','(비NCS)머신러닝딥러닝 실습'),('2023-02-16','훈련','9:10:00','17:00:00','7:50:00','류*걸','드론융합실(융합)(실습겸용강의실)','(비NCS)머신러닝딥러닝 실습'),('2023-02-17','훈련','9:10:00','16:00:00','6:50:00','류*걸','드론융합실(융합)(실습겸용강의실)','(비NCS)머신러닝딥러닝 실습'),('2023-02-20','훈련','9:10:00','16:00:00','6:50:00','조*현','드론융합실(융합)(실습겸용강의실)','(비NCS)클라우드와 인공지능 플랫폼 활용 실습'),('2023-02-21','훈련','9:10:00','17:00:00','7:50:00','조*현','드론융합실(융합)(실습겸용강의실)','(비NCS)클라우드와 인공지능 플랫폼 활용 실습'),('2023-02-22','훈련','9:10:00','17:00:00','7:50:00','조*현','드론융합실(융합)(실습겸용강의실)','(비NCS)클라우드와 인공지능 플랫폼 활용 실습'),('2023-02-23','훈련','9:10:00','17:00:00','7:50:00','조*현','드론융합실(융합)(실습겸용강의실)','(비NCS)클라우드와 인공지능 플랫폼 활용 실습'),('2023-02-24','훈련','9:10:00','16:00:00','6:50:00','조*현','드론융합실(융합)(실습겸용강의실)','(비NCS)클라우드와 인공지능 플랫폼 활용 실습'),('2023-02-27','훈련','9:10:00','16:00:00','6:50:00','조*현','드론융합실(융합)(실습겸용강의실)','(비NCS)클라우드와 인공지능 플랫폼 활용 실습'),('2023-02-28','훈련','9:10:00','17:00:00','7:50:00','조*현','드론융합실(융합)(실습겸용강의실)','(비NCS)클라우드와 인공지능 플랫폼 활용 실습'),('2023-03-02','훈련','9:10:00','17:00:00','7:50:00','류*걸','드론융합실(융합)(실습겸용강의실)','(비NCS)머신러닝딥러닝 실습'),('2023-03-03','훈련','9:10:00','16:00:00','6:50:00','류*걸','드론융합실(융합)(실습겸용강의실)','(비NCS)머신러닝딥러닝 실습'),('2023-03-06','훈련','9:10:00','16:00:00','6:50:00','류*걸','드론융합실(융합)(실습겸용강의실)','(비NCS)머신러닝딥러닝 실습'),('2023-03-07','훈련','9:10:00','17:00:00','7:50:00','류*걸','드론융합실(융합)(실습겸용강의실)','(비NCS)머신러닝딥러닝 실습'),('2023-03-08','훈련','9:10:00','17:00:00','7:50:00','류*걸','드론융합실(융합)(실습겸용강의실)','(비NCS)머신러닝딥러닝 실습'),('2023-03-09','훈련','9:10:00','17:00:00','7:50:00','류*걸','드론융합실(융합)(실습겸용강의실)','(비NCS)머신러닝딥러닝 실습'),('2023-03-10','훈련','9:10:00','16:00:00','6:50:00','류*걸','드론융합실(융합)(실습겸용강의실)','(비NCS)머신러닝딥러닝 실습'),('2023-03-13','훈련','9:10:00','16:00:00','6:50:00','조*현','드론융합실(융합)(실습겸용강의실)','(비NCS)클라우드와 인공지능 플랫폼 활용 실습'),('2023-03-14','훈련','9:10:00','17:00:00','7:50:00','조*현','드론융합실(융합)(실습겸용강의실)','(비NCS)클라우드와 인공지능 플랫폼 활용 실습'),('2023-03-15','훈련','9:10:00','17:00:00','7:50:00','조*현','드론융합실(융합)(실습겸용강의실)','(비NCS)클라우드와 인공지능 플랫폼 활용 실습'),('2023-03-16','훈련','9:10:00','17:00:00','7:50:00','조*현','드론융합실(융합)(실습겸용강의실)','(비NCS)클라우드와 인공지능 플랫폼 활용 실습'),('2023-03-17','훈련','9:10:00','16:00:00','6:50:00','전*덕','드론융합실(융합)(실습겸용강의실)','(비NCS)파이썬 및 JavaScript 활용 프로젝트'),('2023-03-20','훈련','9:10:00','16:00:00','6:50:00','전*덕','드론융합실(융합)(실습겸용강의실)','(비NCS)파이썬 및 JavaScript 활용 프로젝트'),('2023-03-21','훈련','9:10:00','17:00:00','7:50:00','전*덕','드론융합실(융합)(실습겸용강의실)','(비NCS)파이썬 및 JavaScript 활용 프로젝트'),('2023-03-22','훈련','9:10:00','16:00:00','6:50:00','전*덕','드론융합실(융합)(실습겸용강의실)','(비NCS)파이썬 및 JavaScript 활용 프로젝트'),('2023-03-23','훈련','9:10:00','17:00:00','7:50:00','전*덕','드론융합실(융합)(실습겸용강의실)','(비NCS)파이썬 및 JavaScript 활용 프로젝트'),('2023-03-24','훈련','9:10:00','16:00:00','6:50:00','전*덕','드론융합실(융합)(실습겸용강의실)','(비NCS)파이썬 및 JavaScript 활용 프로젝트'),('2023-03-27','훈련','9:10:00','16:00:00','6:50:00','전*덕','드론융합실(융합)(실습겸용강의실)','(비NCS)파이썬 및 JavaScript 활용 프로젝트'),('2023-03-28','훈련','9:10:00','17:00:00','7:50:00','전*덕','드론융합실(융합)(실습겸용강의실)','(비NCS)파이썬 및 JavaScript 활용 프로젝트'),('2023-03-29','훈련','9:10:00','16:00:00','6:50:00','전*덕','드론융합실(융합)(실습겸용강의실)','(비NCS)파이썬 및 JavaScript 활용 프로젝트'),('2023-03-30','훈련','9:10:00','17:00:00','7:50:00','전*덕','드론융합실(융합)(실습겸용강의실)','(비NCS)파이썬 및 JavaScript 활용 프로젝트'),('2023-03-31','훈련','9:10:00','16:00:00','6:50:00','전*덕','드론융합실(융합)(실습겸용강의실)','(비NCS)파이썬 및 JavaScript 활용 프로젝트'),('2023-04-03','훈련','9:10:00','16:00:00','6:50:00','전*덕','드론융합실(융합)(실습겸용강의실)','(비NCS)파이썬 및 JavaScript 활용 프로젝트'),('2023-04-04','훈련','9:10:00','17:00:00','7:50:00','전*덕','드론융합실(융합)(실습겸용강의실)','(비NCS)파이썬 및 JavaScript 활용 프로젝트'),('2023-04-05','훈련','9:10:00','16:00:00','6:50:00','전*덕','드론융합실(융합)(실습겸용강의실)','(비NCS)파이썬 및 JavaScript 활용 프로젝트'),('2023-04-06','훈련','9:10:00','17:00:00','7:50:00','전*덕','드론융합실(융합)(실습겸용강의실)','(비NCS)파이썬 및 JavaScript 활용 프로젝트'),('2023-04-07','훈련','9:10:00','16:00:00','6:50:00','전*덕','드론융합실(융합)(실습겸용강의실)','(비NCS)파이썬 및 JavaScript 활용 프로젝트'),('2023-04-10','훈련','9:10:00','16:00:00','6:50:00','조*현','드론융합실(융합)(실습겸용강의실)','(비NCS)파이썬과 CNN을 활용한 졸음방지 솔루션 개발 프로젝트'),('2023-04-11','훈련','9:10:00','17:00:00','7:50:00','조*현','드론융합실(융합)(실습겸용강의실)','(비NCS)파이썬과 CNN을 활용한 졸음방지 솔루션 개발 프로젝트'),('2023-04-12','훈련','9:10:00','16:00:00','6:50:00','조*현','드론융합실(융합)(실습겸용강의실)','(비NCS)파이썬과 CNN을 활용한 졸음방지 솔루션 개발 프로젝트'),('2023-04-13','훈련','9:10:00','17:00:00','7:50:00','류*걸','드론융합실(융합)(실습겸용강의실)','(비NCS)머신러닝 딥러닝 활용 프로젝트'),('2023-04-14','훈련','9:10:00','16:00:00','6:50:00','류*걸','드론융합실(융합)(실습겸용강의실)','(비NCS)머신러닝 딥러닝 활용 프로젝트'),('2023-04-17','훈련','9:10:00','16:00:00','6:50:00','조*현','드론융합실(융합)(실습겸용강의실)','(비NCS)파이썬과 CNN을 활용한 졸음방지 솔루션 개발 프로젝트'),('2023-04-18','훈련','9:10:00','17:00:00','7:50:00','조*현','드론융합실(융합)(실습겸용강의실)','(비NCS)파이썬과 CNN을 활용한 졸음방지 솔루션 개발 프로젝트'),('2023-04-19','훈련','9:10:00','16:00:00','6:50:00','조*현','드론융합실(융합)(실습겸용강의실)','(비NCS)파이썬과 CNN을 활용한 졸음방지 솔루션 개발 프로젝트'),('2023-04-20','훈련','9:10:00','17:00:00','7:50:00','류*걸','드론융합실(융합)(실습겸용강의실)','(비NCS)머신러닝 딥러닝 활용 프로젝트'),('2023-04-21','훈련','9:10:00','16:00:00','6:50:00','류*걸','드론융합실(융합)(실습겸용강의실)','(비NCS)머신러닝 딥러닝 활용 프로젝트'),('2023-04-24','훈련','9:10:00','16:00:00','6:50:00','조*현','드론융합실(융합)(실습겸용강의실)','(비NCS)파이썬과 CNN을 활용한 졸음방지 솔루션 개발 프로젝트'),('2023-04-25','훈련','9:10:00','17:00:00','7:50:00','조*현','드론융합실(융합)(실습겸용강의실)','(비NCS)파이썬과 CNN을 활용한 졸음방지 솔루션 개발 프로젝트'),('2023-04-26','훈련','9:10:00','16:00:00','6:50:00','조*현','드론융합실(융합)(실습겸용강의실)','(비NCS)파이썬과 CNN을 활용한 졸음방지 솔루션 개발 프로젝트'),('2023-04-27','훈련','9:10:00','17:00:00','7:50:00','류*걸','드론융합실(융합)(실습겸용강의실)','(비NCS)머신러닝 딥러닝 활용 프로젝트'),('2023-04-28','훈련','9:10:00','16:00:00','6:50:00','류*걸','드론융합실(융합)(실습겸용강의실)','(비NCS)머신러닝 딥러닝 활용 프로젝트'),('2023-05-01','훈련','9:10:00','16:00:00','6:50:00','조*현','드론융합실(융합)(실습겸용강의실)','(비NCS)파이썬과 CNN을 활용한 졸음방지 솔루션 개발 프로젝트'),('2023-05-02','훈련','9:10:00','17:00:00','7:50:00','조*현','드론융합실(융합)(실습겸용강의실)','(비NCS)파이썬과 CNN을 활용한 졸음방지 솔루션 개발 프로젝트'),('2023-05-03','훈련','9:10:00','16:00:00','6:50:00','류*걸','드론융합실(융합)(실습겸용강의실)','(비NCS)머신러닝 딥러닝 활용 프로젝트'),('2023-05-04','훈련','9:10:00','17:00:00','7:50:00','류*걸','드론융합실(융합)(실습겸용강의실)','(비NCS)머신러닝 딥러닝 활용 프로젝트'),('2023-05-08','훈련','9:10:00','16:00:00','6:50:00','조*현','드론융합실(융합)(실습겸용강의실)','(비NCS)파이썬과 CNN을 활용한 졸음방지 솔루션 개발 프로젝트'),('2023-05-09','훈련','9:10:00','17:00:00','7:50:00','조*현','드론융합실(융합)(실습겸용강의실)','(비NCS)파이썬과 CNN을 활용한 졸음방지 솔루션 개발 프로젝트'),('2023-05-10','훈련','9:10:00','16:00:00','6:50:00','류*걸','드론융합실(융합)(실습겸용강의실)','(비NCS)머신러닝 딥러닝 활용 프로젝트'),('2023-05-11','훈련','9:10:00','17:00:00','7:50:00','류*걸','드론융합실(융합)(실습겸용강의실)','(비NCS)머신러닝 딥러닝 활용 프로젝트'),('2023-05-12','훈련','9:10:00','16:00:00','6:50:00','류*걸','드론융합실(융합)(실습겸용강의실)','(비NCS)머신러닝 딥러닝 활용 프로젝트'),('2023-05-15','훈련','9:10:00','16:00:00','6:50:00','조*현','드론융합실(융합)(실습겸용강의실)','(비NCS)파이썬과 CNN을 활용한 졸음방지 솔루션 개발 프로젝트'),('2023-05-16','훈련','9:10:00','17:00:00','7:50:00','조*현','드론융합실(융합)(실습겸용강의실)','(비NCS)파이썬과 CNN을 활용한 졸음방지 솔루션 개발 프로젝트'),('2023-05-17','훈련','9:10:00','16:00:00','6:50:00','류*걸','드론융합실(융합)(실습겸용강의실)','(비NCS)머신러닝 딥러닝 활용 프로젝트'),('2023-05-18','훈련','9:10:00','17:00:00','7:50:00','류*걸','드론융합실(융합)(실습겸용강의실)','(비NCS)머신러닝 딥러닝 활용 프로젝트'),('2023-05-19','훈련','9:10:00','16:00:00','6:50:00','류*걸','드론융합실(융합)(실습겸용강의실)','(비NCS)머신러닝 딥러닝 활용 프로젝트'),('2023-05-22','훈련','9:10:00','16:00:00','6:50:00','조*현','드론융합실(융합)(실습겸용강의실)','(비NCS)파이썬과 CNN을 활용한 졸음방지 솔루션 개발 프로젝트'),('2023-05-23','훈련','9:10:00','16:00:00','6:50:00','류*걸','드론융합실(융합)(실습겸용강의실)','(비NCS)머신러닝 딥러닝 활용 프로젝트'),('2023-05-24','훈련','9:10:00','15:00:00','5:50:00','류*걸','드론융합실(융합)(실습겸용강의실)','(비NCS)머신러닝 딥러닝 활용 프로젝트');
/*!40000 ALTER TABLE `class_schedule` ENABLE KEYS */;
UNLOCK TABLES;

--
-- Table structure for table `message`
--

DROP TABLE IF EXISTS `message`;
/*!40101 SET @saved_cs_client     = @@character_set_client */;
/*!50503 SET character_set_client = utf8mb4 */;
CREATE TABLE `message` (
  `id_Number` int NOT NULL,
  `Message` varchar(600) DEFAULT NULL,
  `Time` datetime DEFAULT NULL,
  `Receiver` varchar(45) DEFAULT NULL,
  KEY `id_Num_idx` (`id_Number`),
  KEY `Message_id_num_idx` (`id_Number`),
  CONSTRAINT `Message_id_num` FOREIGN KEY (`id_Number`) REFERENCES `person` (`id_Num`)
) ENGINE=InnoDB DEFAULT CHARSET=utf8mb4 COLLATE=utf8mb4_0900_ai_ci;
/*!40101 SET character_set_client = @saved_cs_client */;

--
-- Dumping data for table `message`
--

LOCK TABLES `message` WRITE;
/*!40000 ALTER TABLE `message` DISABLE KEYS */;
INSERT INTO `message` VALUES (3,'안녕하세요','2023-01-10 20:08:33','이상복'),(3,'반갑습니다','2023-01-10 20:43:04','이상복'),(3,'안녕히계세요','2023-01-10 20:43:10','이상복'),(5,'안녕하세요 교수님','2023-01-10 20:43:27','이상복'),(100,'무슨일이니 성일아','2023-01-11 09:55:48','김성일'),(100,'무슨일이니 성일아','2023-01-11 09:55:51','김기태'),(100,'하이','2023-01-11 12:20:58','김성일'),(100,'저리로가 기태야','2023-01-11 12:37:51','김기태'),(100,'성일아 교수실로','2023-01-11 13:52:50','김성일'),(5,'안녕하세요','2023-01-11 13:53:57','이상복'),(100,'ㅠㅠㅠ','2023-01-11 13:54:03','김성일'),(5,'안녕하세요2','2023-01-11 13:54:15','이상복'),(100,'오후2시임 기태야','2023-01-11 14:02:47','김기태'),(3,'잘시간이네요','2023-01-11 14:09:09','이상복'),(100,'뭐라고?','2023-01-11 14:30:56','김기태'),(100,'아니에용','2023-01-11 14:33:25','김기태'),(3,'뭐라고?','2023-01-11 14:34:36','이상복'),(100,'들어가라고','2023-01-11 18:20:07','김성일'),(3,'집에가고싶어요','2023-01-11 19:26:06','이상복'),(100,'가지마','2023-01-11 19:26:17','김기태'),(3,'보내기','2023-01-11 19:26:28','이상복'),(17,'안녕하세용','2023-01-12 10:24:26','이상복'),(100,'머선일이고','2023-01-12 10:24:38','이소윤'),(17,'다름이아니라','2023-01-12 10:24:49','이상복'),(100,'머선일이고','2023-01-12 10:24:52','이소윤'),(17,'다름이아니라','2023-01-12 10:24:53','이상복'),(100,'머선일이고','2023-01-12 10:24:54','이소윤'),(17,'다름이아니라','2023-01-12 10:24:55','이상복'),(100,'머선일이고','2023-01-12 10:24:55','이소윤'),(17,'다름이아니라','2023-01-12 10:24:57','이상복'),(100,'머선일이고','2023-01-12 10:24:58','이소윤'),(3,'싫어요','2023-01-12 12:34:54','이상복'),(3,'싫어요','2023-01-12 12:36:50','이상복'),(3,'야','2023-01-12 12:40:34','이상복'),(5,'아니에요 ..','2023-01-12 12:43:21','이상복'),(5,'선생님','2023-01-12 12:46:15','이상복'),(5,'선생님','2023-01-12 12:46:59','이상복'),(17,'그게','2023-01-12 14:00:19','이상복'),(17,'아니라','2023-01-12 14:01:20','이상복'),(17,'아니라','2023-01-12 14:03:46','이상복'),(17,'아니라','2023-01-12 14:03:55','이상복'),(17,'ㅅㄷㄴㅅ','2023-01-12 14:18:05','이상복'),(17,'ㅅㄷㄴㅅ','2023-01-12 14:18:38','이상복'),(17,'ㅅㄷㄴㅅ','2023-01-12 14:19:37','이상복'),(17,'ㅅㄷㄴㅅ','2023-01-12 14:20:23','이상복'),(17,'ㅅㄷㄴㅅ','2023-01-12 14:20:49','이상복'),(17,'ㅅㄷㄴㅅ','2023-01-12 14:21:44','이상복'),(17,'ㅅㄷㄴㅅ','2023-01-12 14:23:08','이상복'),(3,'교수님?','2023-01-12 14:24:37','이상복'),(100,'왜불러','2023-01-12 14:24:42','김기태'),(3,'아닙니다','2023-01-12 14:24:49','이상복'),(100,'왜불러','2023-01-12 14:25:47','김기태'),(3,'아닙니다','2023-01-12 14:25:48','이상복'),(3,'아니라고','2023-01-12 14:25:56','이상복'),(3,'아니라고','2023-01-12 14:37:58','이상복'),(100,'왜불러','2023-01-12 14:38:00','김기태'),(17,'야','2023-01-12 14:42:07','이상복'),(100,'djWJfk','2023-01-12 14:42:13','이소윤'),(17,'야','2023-01-12 14:42:16','이상복'),(17,'야','2023-01-12 14:42:29','이상복'),(17,'야','2023-01-12 14:42:30','이상복'),(17,'야','2023-01-12 14:42:30','이상복'),(17,'야','2023-01-12 14:42:30','이상복'),(17,'야','2023-01-12 14:42:30','이상복'),(17,'야','2023-01-12 14:42:31','이상복'),(17,'야','2023-01-12 14:42:31','이상복'),(17,'야','2023-01-12 14:42:31','이상복'),(17,'야','2023-01-12 14:42:32','이상복'),(100,'djWJfk','2023-01-12 14:42:35','이소윤'),(100,'djWJfk','2023-01-12 14:42:35','이소윤'),(5,'대답','2023-01-12 14:56:20','이상복'),(5,'대답','2023-01-12 14:56:24','이상복'),(3,'그냥요','2023-01-12 15:01:20','이상복'),(3,'그냥요','2023-01-12 15:01:31','이상복'),(3,'ㅎㅎㅎ','2023-01-12 15:02:51','이상복'),(3,'ㅎㅎ','2023-01-12 15:04:39','이상복'),(17,'dd','2023-01-12 15:05:35','이상복'),(100,'먼일ㅇ리ㅐ','2023-01-12 15:05:40','이소윤'),(17,'zz','2023-01-12 15:05:50','이상복'),(17,'아니 ㅋㅋ','2023-01-12 15:06:29','이상복'),(100,'ㅎㅎ','2023-01-12 15:06:33','이소윤'),(17,'안녕하세용','2023-01-12 15:08:09','이상복'),(17,'안녕하세용','2023-01-12 15:08:14','이상복'),(100,'뭔데','2023-01-12 15:08:20','이소윤'),(17,'안녕하세용','2023-01-12 15:08:23','이상복'),(17,'안녕하세용','2023-01-12 15:08:37','이상복'),(3,'그냥 불러봄 ㅎ','2023-01-12 15:10:15','이상복'),(100,'?','2023-01-12 15:10:22','김기태'),(100,'?','2023-01-12 15:10:50','김기태'),(3,'그냥 불러봄 ㅎ','2023-01-12 15:11:00','이상복'),(3,'머하세용?','2023-01-12 15:14:35','이상복'),(100,'너 잡으러간다','2023-01-12 15:14:42','김기태'),(3,'ㅎㅎ','2023-01-12 15:14:48','이상복'),(3,'gg','2023-01-12 15:15:19','이상복'),(3,'gg','2023-01-12 15:15:22','이상복'),(100,'너 잡으러간다','2023-01-12 15:15:23','김기태'),(3,'gg','2023-01-12 15:15:24','이상복'),(100,'너 잡으러간다','2023-01-12 15:15:26','김기태'),(3,'gg','2023-01-12 15:15:28','이상복'),(3,'gg','2023-01-12 15:15:34','이상복'),(17,'야','2023-01-12 16:00:20','이상복'),(100,'dho?','2023-01-12 16:00:31','이소윤'),(17,'ㅇㅇㅇ','2023-01-12 16:00:38','이상복'),(17,'ㅇㅇㅇ','2023-01-12 16:00:38','이상복'),(17,'ㅇㅇㅇ','2023-01-12 16:00:38','이상복'),(17,'ㅇㅇㅇ','2023-01-12 16:00:38','이상복'),(17,'ㅇㅇㅇ','2023-01-12 16:00:39','이상복'),(17,'ㅇㅇㅇ','2023-01-12 16:00:39','이상복'),(17,'ㅇㅇㅇ','2023-01-12 16:00:39','이상복'),(17,'ㅇㅇㅇ','2023-01-12 16:00:39','이상복'),(17,'ㅇㅇㅇ','2023-01-12 16:00:40','이상복'),(17,'ㅇㅇㅇ','2023-01-12 16:00:41','이상복'),(17,'ㅇㅇㅇ','2023-01-12 16:00:42','이상복'),(17,'ㅇㅇㅇ','2023-01-12 16:00:42','이상복'),(17,'ㅇㅇㅇ','2023-01-12 16:00:43','이상복'),(17,'ㅇㅇㅇ','2023-01-12 16:00:46','이상복'),(100,'싫어','2023-01-12 16:01:11','이소윤'),(17,'싫다고','2023-01-12 16:01:17','이상복'),(3,'qhrlqhrl','2023-01-12 16:12:27','이상복'),(3,'qhrlqhrl','2023-01-12 16:12:32','이상복'),(3,'qhrlqhrl','2023-01-12 16:12:36','이상복'),(100,'dd','2023-01-12 16:12:50','김기태'),(3,'qhrlqhrl','2023-01-12 16:12:55','이상복'),(3,'qhrlqhrl','2023-01-12 16:31:18','이상복'),(100,'ㅎㅎ','2023-01-12 16:31:22','김기태'),(2,'교수님 안녕하십니가','2023-01-12 16:37:17','이상복'),(2,'다름이아니라','2023-01-12 16:37:26','이상복'),(2,'다름이아니라','2023-01-12 16:37:36','이상복'),(2,'다름이아니라','2023-01-12 16:37:37','이상복'),(3,'헤이','2023-01-12 16:41:39','이상복'),(2,'헤이','2023-01-12 16:41:52','이상복'),(3,'안녕','2023-01-12 18:59:55','이상복'),(100,'뭐임마?','2023-01-12 18:59:59','김기태'),(3,'gg','2023-01-12 19:03:11','이상복'),(100,'??','2023-01-12 19:03:17','김기태'),(3,'1','2023-01-12 19:03:24','이상복'),(3,'1','2023-01-12 19:03:29','이상복'),(3,'12','2023-01-12 19:04:00','이상복'),(3,'3','2023-01-12 19:04:02','이상복'),(3,'4','2023-01-12 19:04:37','이상복'),(3,'45','2023-01-12 19:04:39','이상복'),(100,'이거이거','2023-01-12 19:04:44','김기태'),(100,'1','2023-01-12 19:04:47','김기태'),(3,'2','2023-01-12 19:04:50','이상복'),(3,'2','2023-01-12 19:04:51','이상복'),(100,'3','2023-01-12 19:04:53','김기태'),(3,'4','2023-01-12 19:04:57','이상복'),(100,'5','2023-01-12 19:05:00','김기태'),(3,'6','2023-01-12 19:05:01','이상복'),(100,'7','2023-01-12 19:05:04','김기태'),(3,'8','2023-01-12 19:05:07','이상복'),(100,'9','2023-01-12 19:05:10','김기태'),(3,'10','2023-01-12 19:05:13','이상복'),(100,'11','2023-01-12 19:05:16','김기태'),(3,'12','2023-01-12 19:05:18','이상복'),(3,'121','2023-01-12 19:05:23','이상복'),(3,'121','2023-01-12 19:05:24','이상복'),(3,'1214','2023-01-12 19:05:27','이상복'),(3,'12145','2023-01-12 19:05:29','이상복'),(100,'11113','2023-01-12 19:05:31','김기태'),(100,'11113','2023-01-12 19:05:32','김기태'),(100,'111134','2023-01-12 19:05:55','김기태'),(3,'3333','2023-01-12 20:40:41','이상복'),(100,'asadf','2023-01-12 20:40:45','김기태'),(3,'ddd','2023-01-12 20:40:48','이상복'),(100,'fff','2023-01-12 20:40:50','김기태'),(3,'ㅎㅎ','2023-01-12 20:40:54','이상복'),(3,'ㅎㅎ','2023-01-12 20:40:57','이상복'),(17,'ㅎㅎ','2023-01-12 20:41:17','이상복'),(17,'ㅎㅎ','2023-01-12 20:41:19','이상복'),(100,'ddd','2023-01-12 20:41:22','이소윤'),(100,'기턍','2023-01-13 11:16:37','김기태'),(3,'gdgdg','2023-01-13 11:16:42','이상복'),(100,'g','2023-01-13 11:26:30','김기태'),(3,'g','2023-01-13 11:26:32','이상복'),(100,'dd','2023-01-13 11:27:49','김기태'),(3,'흠..','2023-01-13 11:27:54','이상복'),(3,'뭐이마?','2023-01-13 11:28:15','이상복'),(100,'asdf','2023-01-13 11:28:18','김기태'),(3,'리얼루','2023-01-13 11:28:41','이상복'),(100,'너무해요','2023-01-13 11:28:47','김기태'),(100,'히히','2023-01-13 11:28:53','김기태'),(3,'리얼루','2023-01-13 11:28:58','이상복'),(3,'ㅋㅋㅋㅋ 계속쓸거야 ~','2023-01-13 16:07:28','이상복'),(100,'gggg','2023-01-13 16:07:31','김기태'),(100,'하이하이','2023-01-13 16:07:42','김기태'),(3,'조금 이상하다 ~','2023-01-13 16:07:49','이상복'),(17,'ㅋㅋㅋㅋ','2023-01-13 16:08:18','이상복'),(3,'야','2023-01-13 16:19:26','이상복'),(100,'여긴 해놧다고','2023-01-13 16:19:37','김기태'),(3,'야ㅋㅋ','2023-01-13 16:19:41','이상복'),(3,'싫다고 ','2023-01-13 16:19:51','이상복'),(3,'클리어 하기 싫다고 ~ ','2023-01-13 16:20:01','이상복');
/*!40000 ALTER TABLE `message` ENABLE KEYS */;
UNLOCK TABLES;

--
-- Table structure for table `person`
--

DROP TABLE IF EXISTS `person`;
/*!40101 SET @saved_cs_client     = @@character_set_client */;
/*!50503 SET character_set_client = utf8mb4 */;
CREATE TABLE `person` (
  `id_Num` int NOT NULL AUTO_INCREMENT,
  `ID` varchar(45) DEFAULT NULL,
  `Password` varchar(45) DEFAULT NULL,
  `Course_Start` date DEFAULT '2022-10-25',
  `Course_End` date DEFAULT '2023-05-24',
  `Name` varchar(45) DEFAULT NULL,
  PRIMARY KEY (`id_Num`)
) ENGINE=InnoDB AUTO_INCREMENT=103 DEFAULT CHARSET=utf8mb4 COLLATE=utf8mb4_0900_ai_ci;
/*!40101 SET character_set_client = @saved_cs_client */;

--
-- Dumping data for table `person`
--

LOCK TABLES `person` WRITE;
/*!40000 ALTER TABLE `person` DISABLE KEYS */;
INSERT INTO `person` VALUES (1,NULL,NULL,'2022-10-25','2023-05-24','강민영'),(2,'kyj','1234','2022-10-25','2023-05-24','고연재'),(3,'gi6803','1234','2022-10-25','2023-05-24','김기태'),(4,NULL,NULL,'2022-10-25','2023-05-24','김명은'),(5,'ksi','1234','2022-10-25','2023-05-24','김성일'),(6,NULL,NULL,'2022-10-25','2023-05-24','김연수'),(7,NULL,NULL,'2022-10-25','2023-05-24','김재일'),(8,NULL,NULL,'2022-10-25','2023-05-24','노도현'),(9,NULL,NULL,'2022-10-25','2023-05-24','류가미'),(10,NULL,NULL,'2022-10-25','2023-05-24','박규환'),(11,NULL,NULL,'2022-10-25','2023-05-24','박성빈'),(12,NULL,NULL,'2022-10-25','2023-05-24','박시형'),(13,NULL,NULL,'2022-10-25','2023-05-24','박의용'),(14,NULL,NULL,'2022-10-25','2023-05-24','오송화'),(15,NULL,NULL,'2022-10-25','2023-05-24','이범규'),(16,NULL,NULL,'2022-10-25','2023-05-24','이보라'),(17,'sy','1234','2022-10-25','2023-05-24','이소윤'),(18,NULL,NULL,'2022-10-25','2023-05-24','이여름'),(19,NULL,NULL,'2022-10-25','2023-05-24','이지혜'),(20,NULL,NULL,'2022-10-25','2023-05-24','이현도'),(21,NULL,NULL,'2022-10-25','2023-05-24','임성경'),(22,NULL,NULL,'2022-10-25','2023-05-24','임영효'),(23,NULL,NULL,'2022-10-25','2023-05-24','임홍선'),(24,NULL,NULL,'2022-10-25','2023-05-24','장은희'),(25,NULL,NULL,'2022-10-25','2023-05-24','정연우'),(26,NULL,NULL,'2022-10-25','2023-05-24','정철우'),(28,NULL,NULL,'2022-10-25','2023-05-24','주민석'),(29,NULL,NULL,'2022-10-25','2023-05-24','최지혁'),(100,'boki','1234','2022-10-25','2023-05-24','이상복'),(101,'ryu','1234','2022-10-25','2023-05-24','조동현'),(102,'Jodong','1234','2022-10-25','2023-05-24','류홍걸');
/*!40000 ALTER TABLE `person` ENABLE KEYS */;
UNLOCK TABLES;

--
-- Table structure for table `person_info`
--

DROP TABLE IF EXISTS `person_info`;
/*!40101 SET @saved_cs_client     = @@character_set_client */;
/*!50503 SET character_set_client = utf8mb4 */;
CREATE TABLE `person_info` (
  `id_Num` int NOT NULL,
  `Name` varchar(45) DEFAULT NULL,
  `Entrance` datetime DEFAULT NULL,
  `Leave_time` datetime DEFAULT NULL,
  `Comeback` datetime DEFAULT NULL,
  `Excursion` datetime DEFAULT NULL,
  `Date` date DEFAULT NULL,
  `NameDate` varchar(45) DEFAULT NULL,
  UNIQUE KEY `person_infocol_UNIQUE` (`NameDate`),
  KEY `id_Num_idx` (`id_Num`),
  CONSTRAINT `id_Num` FOREIGN KEY (`id_Num`) REFERENCES `person` (`id_Num`)
) ENGINE=InnoDB DEFAULT CHARSET=utf8mb4 COLLATE=utf8mb4_0900_ai_ci;
/*!40101 SET character_set_client = @saved_cs_client */;

--
-- Dumping data for table `person_info`
--

LOCK TABLES `person_info` WRITE;
/*!40000 ALTER TABLE `person_info` DISABLE KEYS */;
INSERT INTO `person_info` VALUES (3,'김기태','2023-10-25 09:00:00','2023-10-25 17:00:00',NULL,NULL,'2022-10-25','김기태2022-10-25'),(3,'김기태','2023-10-26 09:00:00','2023-10-26 17:00:00',NULL,NULL,'2022-10-26','김기태2022-10-26'),(3,'김기태','2023-10-27 09:00:00','2023-10-27 17:00:00',NULL,NULL,'2022-10-27','김기태2022-10-27'),(3,'김기태','2023-10-28 09:00:00','2023-10-28 17:00:00',NULL,NULL,'2022-10-28','김기태2022-10-28'),(3,'김기태','2022-11-01 09:00:00','2022-11-01 17:00:00',NULL,NULL,'2022-11-01','김기태2022-11-01'),(3,'김기태','2022-11-02 09:00:00','2022-11-02 17:00:00',NULL,NULL,'2022-11-02','김기태2022-11-02'),(3,'김기태','2022-11-03 09:00:00','2022-11-03 17:00:00',NULL,NULL,'2022-11-03','김기태2022-11-03'),(3,'김기태','2022-11-04 09:00:00','2022-11-04 17:00:00',NULL,NULL,'2022-11-04','김기태2022-11-04'),(3,'김기태','2022-11-07 09:00:00','2022-11-07 17:00:00',NULL,NULL,'2022-11-07','김기태2022-11-07'),(3,'김기태','2022-11-08 09:00:00','2022-11-08 17:00:00',NULL,NULL,'2022-11-08','김기태2022-11-08'),(3,'김기태','2022-11-09 09:00:00','2022-11-09 17:00:00',NULL,NULL,'2022-11-09','김기태2022-11-09'),(3,'김기태','2022-11-10 09:00:00','2022-11-10 17:00:00',NULL,NULL,'2022-11-10','김기태2022-11-10'),(3,'김기태','2022-11-11 09:00:00','2022-11-11 17:00:00',NULL,NULL,'2022-11-11','김기태2022-11-11'),(3,'김기태','2022-11-14 09:00:00','2022-11-14 17:00:00',NULL,NULL,'2022-11-14','김기태2022-11-14'),(3,'김기태','2022-11-15 09:00:00','2022-11-15 17:00:00',NULL,NULL,'2022-11-15','김기태2022-11-15'),(3,'김기태','2022-11-16 09:00:00','2022-11-16 17:00:00',NULL,NULL,'2022-11-16','김기태2022-11-16'),(3,'김기태','2022-11-17 09:00:00','2022-11-17 17:00:00',NULL,NULL,'2022-11-17','김기태2022-11-17'),(3,'김기태','2022-11-18 09:00:00','2022-11-18 17:00:00',NULL,NULL,'2022-11-18','김기태2022-11-18'),(3,'김기태','2022-11-21 09:00:00','2022-11-21 17:00:00',NULL,NULL,'2022-11-21','김기태2022-11-21'),(3,'김기태','2022-11-22 09:00:00','2022-11-22 17:00:00',NULL,NULL,'2022-11-22','김기태2022-11-22'),(3,'김기태','2022-11-23 09:00:00','2022-11-23 17:00:00',NULL,NULL,'2022-11-23','김기태2022-11-23'),(3,'김기태','2022-11-24 09:00:00','2022-11-24 17:00:00',NULL,NULL,'2022-11-24','김기태2022-11-24'),(3,'김기태','2022-11-25 09:00:00','2022-11-25 17:00:00',NULL,NULL,'2022-11-25','김기태2022-11-25'),(3,'김기태','2022-11-28 09:00:00','2022-11-28 17:00:00',NULL,NULL,'2022-11-28','김기태2022-11-28'),(3,'김기태','2022-11-29 09:00:00','2022-11-29 17:00:00',NULL,NULL,'2022-11-29','김기태2022-11-29'),(3,'김기태','2022-11-30 09:00:00','2022-11-30 17:00:00',NULL,NULL,'2022-11-30','김기태2022-11-30'),(3,'김기태','2022-12-05 09:00:00','2022-12-05 17:00:00',NULL,NULL,'2022-12-05','김기태2022-12-05'),(3,'김기태','2022-12-06 09:00:00','2022-12-06 17:00:00',NULL,NULL,'2022-12-06','김기태2022-12-06'),(3,'김기태','2022-12-07 09:00:00','2022-12-07 17:00:00',NULL,NULL,'2022-12-07','김기태2022-12-07'),(3,'김기태','2022-12-08 09:00:00','2022-12-08 17:00:00',NULL,NULL,'2022-12-08','김기태2022-12-08'),(3,'김기태','2022-12-09 09:00:00','2022-12-09 17:00:00',NULL,NULL,'2022-12-09','김기태2022-12-09'),(3,'김기태','2022-12-12 09:00:00','2022-12-12 17:00:00',NULL,NULL,'2022-12-12','김기태2022-12-12'),(3,'김기태','2022-12-13 09:00:00','2022-12-13 17:00:00',NULL,NULL,'2022-12-13','김기태2022-12-13'),(3,'김기태','2022-12-14 09:00:00','2022-12-14 17:00:00',NULL,NULL,'2022-12-14','김기태2022-12-14'),(3,'김기태','2022-12-15 09:00:00','2022-12-15 17:00:00',NULL,NULL,'2022-12-15','김기태2022-12-15'),(3,'김기태','2022-12-16 09:00:00','2022-12-16 17:00:00',NULL,NULL,'2022-12-16','김기태2022-12-16'),(3,'김기태','2022-12-17 09:00:00','2022-12-17 17:00:00',NULL,NULL,'2022-12-19','김기태2022-12-19'),(3,'김기태','2022-12-20 09:00:00','2022-12-20 17:00:00','2022-12-20 13:00:00','2022-12-20 10:00:00','2022-12-20','김기태2022-12-20'),(3,'김기태','2022-12-21 09:00:00',NULL,NULL,NULL,'2022-12-21','김기태2022-12-21'),(3,'김기태','2022-12-22 09:00:00','2022-12-22 14:00:00',NULL,NULL,'2022-12-22','김기태2022-12-22'),(3,'김기태','2022-12-23 09:00:00','2022-12-23 17:00:00',NULL,NULL,'2022-12-23','김기태2022-12-23'),(3,'김기태','2023-01-02 09:16:10','2023-01-02 09:33:24',NULL,NULL,'2023-01-02','김기태2023-01-02'),(3,'김기태','2023-01-03 09:16:10','2023-01-03 17:33:24',NULL,NULL,'2023-01-03','김기태2023-01-03'),(3,'김기태','2023-01-04 09:16:10','2023-01-04 17:33:24',NULL,NULL,'2023-01-04','김기태2023-01-04'),(3,'김기태','2023-01-05 09:16:10','2023-01-05 17:33:24',NULL,NULL,'2023-01-05','김기태2023-01-05'),(3,'김기태','2023-01-06 09:16:10','2023-01-06 17:33:24',NULL,NULL,'2023-01-06','김기태2023-01-06'),(3,'김기태','2023-01-09 09:21:22','2023-01-09 17:33:24',NULL,NULL,'2023-01-09','김기태2023-01-09'),(3,'김기태','2023-01-10 09:16:10','2023-01-10 17:05:20','2023-01-10 15:39:19','2023-01-10 09:24:56','2023-01-10','김기태2023-01-10'),(5,'김성일','2023-01-10 09:16:10','2023-01-10 09:33:24','2023-01-10 09:27:11','2023-01-10 09:24:56','2023-01-10','김성일2023-01-10'),(5,'김성일','2023-01-11 09:08:04','2023-01-11 16:38:23',NULL,NULL,'2023-01-11','김성일2023-01-11'),(3,'김기태','2023-01-11 09:22:42','2023-01-11 20:27:20',NULL,NULL,'2023-01-11','김기태2023-01-11'),(100,'이상복',NULL,NULL,NULL,NULL,'2023-01-11','이상복2023-01-11'),(17,'이소윤','2023-01-11 21:02:39','2023-01-11 21:02:49','2023-01-11 21:02:47','2023-01-11 21:02:45','2023-01-11','이소윤2023-01-11'),(3,'김기태','2023-01-12 09:11:48','2023-01-12 17:10:45',NULL,NULL,'2023-01-12','김기태2023-01-12'),(17,'이소윤','2023-01-12 09:11:56','2023-01-12 17:10:59','2023-01-12 17:10:56','2023-01-12 10:26:37','2023-01-12','이소윤2023-01-12'),(5,'김성일','2023-01-12 09:12:02','2023-01-12 17:11:32',NULL,NULL,'2023-01-12','김성일2023-01-12'),(100,'이상복',NULL,NULL,NULL,NULL,'2023-01-12','이상복2023-01-12'),(2,'고연재','2023-01-12 17:11:39','2023-01-12 17:11:40',NULL,NULL,'2023-01-12','고연재2023-01-12'),(3,'김기태','2023-01-13 09:26:54','2023-01-13 16:10:49',NULL,NULL,'2023-01-13','김기태2023-01-13'),(100,'이상복',NULL,NULL,NULL,NULL,'2023-01-13','이상복2023-01-13'),(17,'이소윤','2023-01-13 16:10:56','2023-01-13 16:10:57',NULL,NULL,'2023-01-13','이소윤2023-01-13'),(2,'고연재','2023-01-13 16:11:11','2023-01-13 16:11:12',NULL,NULL,'2023-01-13','고연재2023-01-13'),(5,'김성일','2023-01-13 16:11:27','2023-01-13 16:11:27',NULL,NULL,'2023-01-13','김성일2023-01-13');
/*!40000 ALTER TABLE `person_info` ENABLE KEYS */;
UNLOCK TABLES;

--
-- Table structure for table `schedule`
--

DROP TABLE IF EXISTS `schedule`;
/*!40101 SET @saved_cs_client     = @@character_set_client */;
/*!50503 SET character_set_client = utf8mb4 */;
CREATE TABLE `schedule` (
  `ID_num` int NOT NULL,
  `Date` date NOT NULL,
  `Schedule` varchar(300) DEFAULT NULL
) ENGINE=InnoDB DEFAULT CHARSET=utf8mb4 COLLATE=utf8mb4_0900_ai_ci;
/*!40101 SET character_set_client = @saved_cs_client */;

--
-- Dumping data for table `schedule`
--

LOCK TABLES `schedule` WRITE;
/*!40000 ALTER TABLE `schedule` DISABLE KEYS */;
INSERT INTO `schedule` VALUES (3,'2023-01-10','21:30 개발일지쓰고 긱사가기'),(3,'2023-01-10','5시 탈주하고싶음');
/*!40000 ALTER TABLE `schedule` ENABLE KEYS */;
UNLOCK TABLES;
/*!40103 SET TIME_ZONE=@OLD_TIME_ZONE */;

/*!40101 SET SQL_MODE=@OLD_SQL_MODE */;
/*!40014 SET FOREIGN_KEY_CHECKS=@OLD_FOREIGN_KEY_CHECKS */;
/*!40014 SET UNIQUE_CHECKS=@OLD_UNIQUE_CHECKS */;
/*!40101 SET CHARACTER_SET_CLIENT=@OLD_CHARACTER_SET_CLIENT */;
/*!40101 SET CHARACTER_SET_RESULTS=@OLD_CHARACTER_SET_RESULTS */;
/*!40101 SET COLLATION_CONNECTION=@OLD_COLLATION_CONNECTION */;
/*!40111 SET SQL_NOTES=@OLD_SQL_NOTES */;

-- Dump completed on 2023-01-14 12:59:27
