-- MySQL dump 10.13  Distrib 8.0.26, for Win64 (x86_64)
--
-- Host: localhost    Database: beaconapp
-- ------------------------------------------------------
-- Server version	8.0.26

/*!40101 SET @OLD_CHARACTER_SET_CLIENT=@@CHARACTER_SET_CLIENT */;
/*!40101 SET @OLD_CHARACTER_SET_RESULTS=@@CHARACTER_SET_RESULTS */;
/*!40101 SET @OLD_COLLATION_CONNECTION=@@COLLATION_CONNECTION */;
/*!50503 SET NAMES utf8 */;
/*!40103 SET @OLD_TIME_ZONE=@@TIME_ZONE */;
/*!40103 SET TIME_ZONE='+00:00' */;
/*!40014 SET @OLD_UNIQUE_CHECKS=@@UNIQUE_CHECKS, UNIQUE_CHECKS=0 */;
/*!40014 SET @OLD_FOREIGN_KEY_CHECKS=@@FOREIGN_KEY_CHECKS, FOREIGN_KEY_CHECKS=0 */;
/*!40101 SET @OLD_SQL_MODE=@@SQL_MODE, SQL_MODE='NO_AUTO_VALUE_ON_ZERO' */;
/*!40111 SET @OLD_SQL_NOTES=@@SQL_NOTES, SQL_NOTES=0 */;

--
-- Table structure for table `class_schedule`
--

DROP TABLE IF EXISTS `class_schedule`;
/*!40101 SET @saved_cs_client     = @@character_set_client */;
/*!50503 SET character_set_client = utf8mb4 */;
CREATE TABLE `class_schedule` (
  `훈련일자` text,
  `구분` text,
  `시작시간` text,
  `종료시간` text,
  `수업시간` text,
  `훈련강사` text,
  `교육장소(강의실)` text,
  `교과목` text
) ENGINE=InnoDB DEFAULT CHARSET=utf8mb4 COLLATE=utf8mb4_0900_ai_ci;
/*!40101 SET character_set_client = @saved_cs_client */;

--
-- Dumping data for table `class_schedule`
--

LOCK TABLES `class_schedule` WRITE;
/*!40000 ALTER TABLE `class_schedule` DISABLE KEYS */;
INSERT INTO `class_schedule` VALUES ('2022-10-25','훈련','10:10:00','16:00:00','5:50:00','이*복','드론융합실(융합)(실습겸용강의실)','(비NCS)재량교과'),('2022-10-26','훈련','9:10:00','17:00:00','7:50:00','전*덕','드론융합실(융합)(실습겸용강의실)','(비NCS)웹프로그래밍 실습'),('2022-10-27','훈련','9:10:00','17:00:00','7:50:00','류*걸','드론융합실(융합)(실습겸용강의실)','(비NCS)요구사항 분석과 계획수립 실습'),('2022-10-28','훈련','9:10:00','16:00:00','6:50:00','전*덕','드론융합실(융합)(실습겸용강의실)','(비NCS)웹프로그래밍 실습'),('2022-11-01','훈련','9:10:00','17:00:00','7:50:00','류*걸','드론융합실(융합)(실습겸용강의실)','(비NCS)요구사항 분석과 계획수립 실습'),('2022-11-02','훈련','9:10:00','17:00:00','7:50:00','류*걸','드론융합실(융합)(실습겸용강의실)','(비NCS)요구사항 분석과 계획수립 실습'),('2022-11-03','훈련','9:10:00','17:00:00','7:50:00','류*걸','드론융합실(융합)(실습겸용강의실)','(비NCS)요구사항 분석과 계획수립 실습'),('2022-11-04','훈련','9:10:00','16:00:00','6:50:00','류*걸','드론융합실(융합)(실습겸용강의실)','(비NCS)요구사항 분석과 계획수립 실습'),('2022-11-07','훈련','9:10:00','16:00:00','6:50:00','류*걸','드론융합실(융합)(실습겸용강의실)','(비NCS)요구사항 분석과 계획수립 실습'),('2022-11-08','훈련','9:10:00','17:00:00','7:50:00','전*덕','드론융합실(융합)(실습겸용강의실)','(비NCS)웹프로그래밍 실습'),('2022-11-09','훈련','9:10:00','17:00:00','7:50:00','류*걸','드론융합실(융합)(실습겸용강의실)','(비NCS)요구사항 분석과 계획수립 실습'),('2022-11-10','훈련','9:10:00','17:00:00','7:50:00','전*덕','드론융합실(융합)(실습겸용강의실)','(비NCS)웹프로그래밍 실습'),('2022-11-11','훈련','9:10:00','16:00:00','6:50:00','류*걸','드론융합실(융합)(실습겸용강의실)','(비NCS)요구사항 분석과 계획수립 실습'),('2022-11-14','훈련','9:10:00','10:10:00','1:00:00','류*걸','드론융합실(융합)(실습겸용강의실)','(비NCS)요구사항 분석과 계획수립 실습'),('2022-11-15','훈련','9:10:00','17:00:00','7:50:00','전*덕','드론융합실(융합)(실습겸용강의실)','(비NCS)웹프로그래밍 실습'),('2022-11-16','훈련','9:10:00','17:00:00','7:50:00','류*걸','드론융합실(융합)(실습겸용강의실)','(비NCS)요구사항 분석과 계획수립 실습'),('2022-11-17','훈련','9:10:00','17:00:00','7:50:00','전*덕','드론융합실(융합)(실습겸용강의실)','(비NCS)웹프로그래밍 실습'),('2022-11-18','훈련','9:10:00','16:00:00','6:50:00','조*현','드론융합실(융합)(실습겸용강의실)','(비NCS)파이썬 프로그래밍'),('2022-11-21','훈련','9:10:00','16:00:00','6:50:00','조*현','드론융합실(융합)(실습겸용강의실)','(비NCS)파이썬 프로그래밍'),('2022-11-22','훈련','9:10:00','17:00:00','7:50:00','전*덕','드론융합실(융합)(실습겸용강의실)','(비NCS)웹프로그래밍 실습'),('2022-11-23','훈련','9:10:00','17:00:00','7:50:00','조*현','드론융합실(융합)(실습겸용강의실)','(비NCS)파이썬 프로그래밍'),('2022-11-24','훈련','9:10:00','17:00:00','7:50:00','조*현','드론융합실(융합)(실습겸용강의실)','(비NCS)파이썬 프로그래밍'),('2022-11-25','훈련','9:10:00','16:00:00','6:50:00','조*현','드론융합실(융합)(실습겸용강의실)','(비NCS)파이썬 프로그래밍'),('2022-11-28','훈련','9:10:00','16:00:00','6:50:00','조*현','드론융합실(융합)(실습겸용강의실)','(비NCS)파이썬 프로그래밍'),('2022-11-29','훈련','9:10:00','17:00:00','7:50:00','전*덕','드론융합실(융합)(실습겸용강의실)','(비NCS)웹프로그래밍 실습'),('2022-11-30','훈련','9:10:00','17:00:00','7:50:00','조*현','드론융합실(융합)(실습겸용강의실)','(비NCS)파이썬 프로그래밍'),('2022-12-05','훈련','9:10:00','16:00:00','6:50:00','조*현','드론융합실(융합)(실습겸용강의실)','(비NCS)웹프로그래밍 실습'),('2022-12-06','훈련','9:10:00','17:00:00','7:50:00','조*현','드론융합실(융합)(실습겸용강의실)','(비NCS)웹프로그래밍 실습'),('2022-12-07','훈련','9:10:00','17:00:00','7:50:00','조*현','드론융합실(융합)(실습겸용강의실)','(비NCS)웹프로그래밍 실습'),('2022-12-08','훈련','9:10:00','17:00:00','7:50:00','조*현','드론융합실(융합)(실습겸용강의실)','(비NCS)파이썬 프로그래밍'),('2022-12-09','훈련','9:10:00','16:00:00','6:50:00','류*걸','드론융합실(융합)(실습겸용강의실)','(비NCS)알고리즘 프로그래밍'),('2022-12-12','훈련','9:10:00','16:00:00','6:50:00','류*걸','드론융합실(융합)(실습겸용강의실)','(비NCS)알고리즘 프로그래밍'),('2022-12-13','훈련','9:10:00','17:00:00','7:50:00','류*걸','드론융합실(융합)(실습겸용강의실)','(비NCS)알고리즘 프로그래밍'),('2022-12-14','훈련','9:10:00','17:00:00','7:50:00','조*현','드론융합실(융합)(실습겸용강의실)','(비NCS)파이썬 프로그래밍'),('2022-12-15','훈련','9:10:00','17:00:00','7:50:00','류*걸','드론융합실(융합)(실습겸용강의실)','(비NCS)알고리즘 프로그래밍'),('2022-12-16','훈련','9:10:00','16:00:00','6:50:00','류*걸','드론융합실(융합)(실습겸용강의실)','(비NCS)알고리즘 프로그래밍'),('2022-12-19','훈련','9:10:00','15:50:00','6:40:00','조*현','드론융합실(융합)(실습겸용강의실)','(비NCS)알고리즘 프로그래밍'),('2022-12-20','훈련','9:10:00','17:00:00','7:50:00','조*현','드론융합실(융합)(실습겸용강의실)','(비NCS)파이썬 프로그래밍'),('2022-12-21','훈련','9:10:00','17:00:00','7:50:00','조*현','드론융합실(융합)(실습겸용강의실)','(비NCS)파이썬 프로그래밍'),('2022-12-22','훈련','9:10:00','17:00:00','7:50:00','류*걸','드론융합실(융합)(실습겸용강의실)','(비NCS)알고리즘 프로그래밍'),('2022-12-23','훈련','9:10:00','15:00:00','5:50:00','류*걸','드론융합실(융합)(실습겸용강의실)','(비NCS)알고리즘 프로그래밍'),('2023-01-02','훈련','9:10:00','16:00:00','6:50:00','류*걸','드론융합실(융합)(실습겸용강의실)','(비NCS)알고리즘 프로그래밍'),('2023-01-03','훈련','9:10:00','17:00:00','7:50:00','류*걸','드론융합실(융합)(실습겸용강의실)','(비NCS)알고리즘 프로그래밍'),('2023-01-04','훈련','9:10:00','17:00:00','7:50:00','조*현','드론융합실(융합)(실습겸용강의실)','(비NCS)파이썬 프로그래밍'),('2023-01-05','훈련','9:10:00','17:00:00','7:50:00','조*현','드론융합실(융합)(실습겸용강의실)','(비NCS)데이터 수집 및 분석 프로그래밍'),('2023-01-06','훈련','9:10:00','16:00:00','6:50:00','류*걸','드론융합실(융합)(실습겸용강의실)','(비NCS)알고리즘 프로그래밍'),('2023-01-09','훈련','9:10:00','16:00:00','6:50:00','조*현','드론융합실(융합)(실습겸용강의실)','(비NCS)데이터 수집 및 분석 프로그래밍'),('2023-01-10','훈련','9:10:00','17:00:00','7:50:00','조*현','드론융합실(융합)(실습겸용강의실)','(비NCS)데이터 수집 및 분석 프로그래밍'),('2023-01-11','훈련','9:10:00','17:00:00','7:50:00','류*걸','드론융합실(융합)(실습겸용강의실)','(비NCS)알고리즘 프로그래밍'),('2023-01-12','훈련','9:10:00','16:50:00','7:40:00','조*현','드론융합실(융합)(실습겸용강의실)','(비NCS)데이터수집 및 분석 프로그래밍'),('2023-01-13','훈련','9:10:00','16:00:00','6:50:00','조*현','드론융합실(융합)(실습겸용강의실)','(비NCS)데이터 수집 및 분석 프로그래밍'),('2023-01-16','훈련','9:10:00','16:00:00','6:50:00','류*걸','드론융합실(융합)(실습겸용강의실)','(비NCS)알고리즘 프로그래밍'),('2023-01-17','훈련','9:10:00','17:00:00','7:50:00','류*걸','드론융합실(융합)(실습겸용강의실)','(비NCS)데이터베이스 설계와 SQL 활용'),('2023-01-18','훈련','9:10:00','17:00:00','7:50:00','류*걸','드론융합실(융합)(실습겸용강의실)','(비NCS)데이터베이스 설계와 SQL 활용'),('2023-01-19','훈련','9:10:00','17:00:00','7:50:00','조*현','드론융합실(융합)(실습겸용강의실)','(비NCS)데이터 수집 및 분석 프로그래밍'),('2023-01-20','훈련','9:10:00','15:00:00','5:50:00','조*현','드론융합실(융합)(실습겸용강의실)','(비NCS)데이터 수집 및 분석 프로그래밍'),('2023-01-25','훈련','9:10:00','17:00:00','7:50:00','류*걸','드론융합실(융합)(실습겸용강의실)','(비NCS)데이터베이스 설계와 SQL 활용'),('2023-01-26','훈련','9:10:00','17:00:00','7:50:00','조*현','드론융합실(융합)(실습겸용강의실)','(비NCS)데이터 수집 및 분석 프로그래밍'),('2023-01-27','훈련','9:10:00','16:00:00','6:50:00','조*현','드론융합실(융합)(실습겸용강의실)','(비NCS)데이터 수집 및 분석 프로그래밍'),('2023-01-30','훈련','9:10:00','16:00:00','6:50:00','류*걸','드론융합실(융합)(실습겸용강의실)','(비NCS)데이터베이스 설계와 SQL 활용'),('2023-01-31','훈련','9:10:00','17:00:00','7:50:00','류*걸','드론융합실(융합)(실습겸용강의실)','(비NCS)데이터베이스 설계와 SQL 활용'),('2023-02-01','훈련','9:10:00','17:00:00','7:50:00','류*걸','드론융합실(융합)(실습겸용강의실)','(비NCS)데이터베이스 설계와 SQL 활용'),('2023-02-02','훈련','9:10:00','17:00:00','7:50:00','조*현','드론융합실(융합)(실습겸용강의실)','(비NCS)데이터 수집 및 분석 프로그래밍'),('2023-02-03','훈련','9:10:00','16:00:00','6:50:00','조*현','드론융합실(융합)(실습겸용강의실)','(비NCS)데이터 수집 및 분석 프로그래밍'),('2023-02-06','훈련','9:10:00','16:00:00','6:50:00','류*걸','드론융합실(융합)(실습겸용강의실)','(비NCS)데이터베이스 설계와 SQL 활용'),('2023-02-07','훈련','9:10:00','17:00:00','7:50:00','류*걸','드론융합실(융합)(실습겸용강의실)','(비NCS)머신러닝딥러닝 실습'),('2023-02-08','훈련','9:10:00','17:00:00','7:50:00','류*걸','드론융합실(융합)(실습겸용강의실)','(비NCS)데이터베이스 설계와 SQL 활용'),('2023-02-09','훈련','9:10:00','17:00:00','7:50:00','조*현','드론융합실(융합)(실습겸용강의실)','(비NCS)데이터 수집 및 분석 프로그래밍'),('2023-02-10','훈련','9:10:00','16:00:00','6:50:00','조*현','드론융합실(융합)(실습겸용강의실)','(비NCS)클라우드와 인공지능 플랫폼 활용 실습'),('2023-02-13','훈련','9:10:00','16:00:00','6:50:00','류*걸','드론융합실(융합)(실습겸용강의실)','(비NCS)머신러닝딥러닝 실습'),('2023-02-14','훈련','9:10:00','17:00:00','7:50:00','류*걸','드론융합실(융합)(실습겸용강의실)','(비NCS)머신러닝딥러닝 실습'),('2023-02-15','훈련','9:10:00','17:00:00','7:50:00','류*걸','드론융합실(융합)(실습겸용강의실)','(비NCS)머신러닝딥러닝 실습'),('2023-02-16','훈련','9:10:00','17:00:00','7:50:00','류*걸','드론융합실(융합)(실습겸용강의실)','(비NCS)머신러닝딥러닝 실습'),('2023-02-17','훈련','9:10:00','16:00:00','6:50:00','류*걸','드론융합실(융합)(실습겸용강의실)','(비NCS)머신러닝딥러닝 실습'),('2023-02-20','훈련','9:10:00','16:00:00','6:50:00','조*현','드론융합실(융합)(실습겸용강의실)','(비NCS)클라우드와 인공지능 플랫폼 활용 실습'),('2023-02-21','훈련','9:10:00','17:00:00','7:50:00','조*현','드론융합실(융합)(실습겸용강의실)','(비NCS)클라우드와 인공지능 플랫폼 활용 실습'),('2023-02-22','훈련','9:10:00','17:00:00','7:50:00','조*현','드론융합실(융합)(실습겸용강의실)','(비NCS)클라우드와 인공지능 플랫폼 활용 실습'),('2023-02-23','훈련','9:10:00','17:00:00','7:50:00','조*현','드론융합실(융합)(실습겸용강의실)','(비NCS)클라우드와 인공지능 플랫폼 활용 실습'),('2023-02-24','훈련','9:10:00','16:00:00','6:50:00','조*현','드론융합실(융합)(실습겸용강의실)','(비NCS)클라우드와 인공지능 플랫폼 활용 실습'),('2023-02-27','훈련','9:10:00','16:00:00','6:50:00','조*현','드론융합실(융합)(실습겸용강의실)','(비NCS)클라우드와 인공지능 플랫폼 활용 실습'),('2023-02-28','훈련','9:10:00','17:00:00','7:50:00','조*현','드론융합실(융합)(실습겸용강의실)','(비NCS)클라우드와 인공지능 플랫폼 활용 실습'),('2023-03-02','훈련','9:10:00','17:00:00','7:50:00','류*걸','드론융합실(융합)(실습겸용강의실)','(비NCS)머신러닝딥러닝 실습'),('2023-03-03','훈련','9:10:00','16:00:00','6:50:00','류*걸','드론융합실(융합)(실습겸용강의실)','(비NCS)머신러닝딥러닝 실습'),('2023-03-06','훈련','9:10:00','16:00:00','6:50:00','류*걸','드론융합실(융합)(실습겸용강의실)','(비NCS)머신러닝딥러닝 실습'),('2023-03-07','훈련','9:10:00','17:00:00','7:50:00','류*걸','드론융합실(융합)(실습겸용강의실)','(비NCS)머신러닝딥러닝 실습'),('2023-03-08','훈련','9:10:00','17:00:00','7:50:00','류*걸','드론융합실(융합)(실습겸용강의실)','(비NCS)머신러닝딥러닝 실습'),('2023-03-09','훈련','9:10:00','17:00:00','7:50:00','류*걸','드론융합실(융합)(실습겸용강의실)','(비NCS)머신러닝딥러닝 실습'),('2023-03-10','훈련','9:10:00','16:00:00','6:50:00','류*걸','드론융합실(융합)(실습겸용강의실)','(비NCS)머신러닝딥러닝 실습'),('2023-03-13','훈련','9:10:00','16:00:00','6:50:00','조*현','드론융합실(융합)(실습겸용강의실)','(비NCS)클라우드와 인공지능 플랫폼 활용 실습'),('2023-03-14','훈련','9:10:00','17:00:00','7:50:00','조*현','드론융합실(융합)(실습겸용강의실)','(비NCS)클라우드와 인공지능 플랫폼 활용 실습'),('2023-03-15','훈련','9:10:00','17:00:00','7:50:00','조*현','드론융합실(융합)(실습겸용강의실)','(비NCS)클라우드와 인공지능 플랫폼 활용 실습'),('2023-03-16','훈련','9:10:00','17:00:00','7:50:00','조*현','드론융합실(융합)(실습겸용강의실)','(비NCS)클라우드와 인공지능 플랫폼 활용 실습'),('2023-03-17','훈련','9:10:00','16:00:00','6:50:00','전*덕','드론융합실(융합)(실습겸용강의실)','(비NCS)파이썬 및 JavaScript 활용 프로젝트'),('2023-03-20','훈련','9:10:00','16:00:00','6:50:00','전*덕','드론융합실(융합)(실습겸용강의실)','(비NCS)파이썬 및 JavaScript 활용 프로젝트'),('2023-03-21','훈련','9:10:00','17:00:00','7:50:00','전*덕','드론융합실(융합)(실습겸용강의실)','(비NCS)파이썬 및 JavaScript 활용 프로젝트'),('2023-03-22','훈련','9:10:00','16:00:00','6:50:00','전*덕','드론융합실(융합)(실습겸용강의실)','(비NCS)파이썬 및 JavaScript 활용 프로젝트'),('2023-03-23','훈련','9:10:00','17:00:00','7:50:00','전*덕','드론융합실(융합)(실습겸용강의실)','(비NCS)파이썬 및 JavaScript 활용 프로젝트'),('2023-03-24','훈련','9:10:00','16:00:00','6:50:00','전*덕','드론융합실(융합)(실습겸용강의실)','(비NCS)파이썬 및 JavaScript 활용 프로젝트'),('2023-03-27','훈련','9:10:00','16:00:00','6:50:00','전*덕','드론융합실(융합)(실습겸용강의실)','(비NCS)파이썬 및 JavaScript 활용 프로젝트'),('2023-03-28','훈련','9:10:00','17:00:00','7:50:00','전*덕','드론융합실(융합)(실습겸용강의실)','(비NCS)파이썬 및 JavaScript 활용 프로젝트'),('2023-03-29','훈련','9:10:00','16:00:00','6:50:00','전*덕','드론융합실(융합)(실습겸용강의실)','(비NCS)파이썬 및 JavaScript 활용 프로젝트'),('2023-03-30','훈련','9:10:00','17:00:00','7:50:00','전*덕','드론융합실(융합)(실습겸용강의실)','(비NCS)파이썬 및 JavaScript 활용 프로젝트'),('2023-03-31','훈련','9:10:00','16:00:00','6:50:00','전*덕','드론융합실(융합)(실습겸용강의실)','(비NCS)파이썬 및 JavaScript 활용 프로젝트'),('2023-04-03','훈련','9:10:00','16:00:00','6:50:00','전*덕','드론융합실(융합)(실습겸용강의실)','(비NCS)파이썬 및 JavaScript 활용 프로젝트'),('2023-04-04','훈련','9:10:00','17:00:00','7:50:00','전*덕','드론융합실(융합)(실습겸용강의실)','(비NCS)파이썬 및 JavaScript 활용 프로젝트'),('2023-04-05','훈련','9:10:00','16:00:00','6:50:00','전*덕','드론융합실(융합)(실습겸용강의실)','(비NCS)파이썬 및 JavaScript 활용 프로젝트'),('2023-04-06','훈련','9:10:00','17:00:00','7:50:00','전*덕','드론융합실(융합)(실습겸용강의실)','(비NCS)파이썬 및 JavaScript 활용 프로젝트'),('2023-04-07','훈련','9:10:00','16:00:00','6:50:00','전*덕','드론융합실(융합)(실습겸용강의실)','(비NCS)파이썬 및 JavaScript 활용 프로젝트'),('2023-04-10','훈련','9:10:00','16:00:00','6:50:00','조*현','드론융합실(융합)(실습겸용강의실)','(비NCS)파이썬과 CNN을 활용한 졸음방지 솔루션 개발 프로젝트'),('2023-04-11','훈련','9:10:00','17:00:00','7:50:00','조*현','드론융합실(융합)(실습겸용강의실)','(비NCS)파이썬과 CNN을 활용한 졸음방지 솔루션 개발 프로젝트'),('2023-04-12','훈련','9:10:00','16:00:00','6:50:00','조*현','드론융합실(융합)(실습겸용강의실)','(비NCS)파이썬과 CNN을 활용한 졸음방지 솔루션 개발 프로젝트'),('2023-04-13','훈련','9:10:00','17:00:00','7:50:00','류*걸','드론융합실(융합)(실습겸용강의실)','(비NCS)머신러닝 딥러닝 활용 프로젝트'),('2023-04-14','훈련','9:10:00','16:00:00','6:50:00','류*걸','드론융합실(융합)(실습겸용강의실)','(비NCS)머신러닝 딥러닝 활용 프로젝트'),('2023-04-17','훈련','9:10:00','16:00:00','6:50:00','조*현','드론융합실(융합)(실습겸용강의실)','(비NCS)파이썬과 CNN을 활용한 졸음방지 솔루션 개발 프로젝트'),('2023-04-18','훈련','9:10:00','17:00:00','7:50:00','조*현','드론융합실(융합)(실습겸용강의실)','(비NCS)파이썬과 CNN을 활용한 졸음방지 솔루션 개발 프로젝트'),('2023-04-19','훈련','9:10:00','16:00:00','6:50:00','조*현','드론융합실(융합)(실습겸용강의실)','(비NCS)파이썬과 CNN을 활용한 졸음방지 솔루션 개발 프로젝트'),('2023-04-20','훈련','9:10:00','17:00:00','7:50:00','류*걸','드론융합실(융합)(실습겸용강의실)','(비NCS)머신러닝 딥러닝 활용 프로젝트'),('2023-04-21','훈련','9:10:00','16:00:00','6:50:00','류*걸','드론융합실(융합)(실습겸용강의실)','(비NCS)머신러닝 딥러닝 활용 프로젝트'),('2023-04-24','훈련','9:10:00','16:00:00','6:50:00','조*현','드론융합실(융합)(실습겸용강의실)','(비NCS)파이썬과 CNN을 활용한 졸음방지 솔루션 개발 프로젝트'),('2023-04-25','훈련','9:10:00','17:00:00','7:50:00','조*현','드론융합실(융합)(실습겸용강의실)','(비NCS)파이썬과 CNN을 활용한 졸음방지 솔루션 개발 프로젝트'),('2023-04-26','훈련','9:10:00','16:00:00','6:50:00','조*현','드론융합실(융합)(실습겸용강의실)','(비NCS)파이썬과 CNN을 활용한 졸음방지 솔루션 개발 프로젝트'),('2023-04-27','훈련','9:10:00','17:00:00','7:50:00','류*걸','드론융합실(융합)(실습겸용강의실)','(비NCS)머신러닝 딥러닝 활용 프로젝트'),('2023-04-28','훈련','9:10:00','16:00:00','6:50:00','류*걸','드론융합실(융합)(실습겸용강의실)','(비NCS)머신러닝 딥러닝 활용 프로젝트'),('2023-05-01','훈련','9:10:00','16:00:00','6:50:00','조*현','드론융합실(융합)(실습겸용강의실)','(비NCS)파이썬과 CNN을 활용한 졸음방지 솔루션 개발 프로젝트'),('2023-05-02','훈련','9:10:00','17:00:00','7:50:00','조*현','드론융합실(융합)(실습겸용강의실)','(비NCS)파이썬과 CNN을 활용한 졸음방지 솔루션 개발 프로젝트'),('2023-05-03','훈련','9:10:00','16:00:00','6:50:00','류*걸','드론융합실(융합)(실습겸용강의실)','(비NCS)머신러닝 딥러닝 활용 프로젝트'),('2023-05-04','훈련','9:10:00','17:00:00','7:50:00','류*걸','드론융합실(융합)(실습겸용강의실)','(비NCS)머신러닝 딥러닝 활용 프로젝트'),('2023-05-08','훈련','9:10:00','16:00:00','6:50:00','조*현','드론융합실(융합)(실습겸용강의실)','(비NCS)파이썬과 CNN을 활용한 졸음방지 솔루션 개발 프로젝트'),('2023-05-09','훈련','9:10:00','17:00:00','7:50:00','조*현','드론융합실(융합)(실습겸용강의실)','(비NCS)파이썬과 CNN을 활용한 졸음방지 솔루션 개발 프로젝트'),('2023-05-10','훈련','9:10:00','16:00:00','6:50:00','류*걸','드론융합실(융합)(실습겸용강의실)','(비NCS)머신러닝 딥러닝 활용 프로젝트'),('2023-05-11','훈련','9:10:00','17:00:00','7:50:00','류*걸','드론융합실(융합)(실습겸용강의실)','(비NCS)머신러닝 딥러닝 활용 프로젝트'),('2023-05-12','훈련','9:10:00','16:00:00','6:50:00','류*걸','드론융합실(융합)(실습겸용강의실)','(비NCS)머신러닝 딥러닝 활용 프로젝트'),('2023-05-15','훈련','9:10:00','16:00:00','6:50:00','조*현','드론융합실(융합)(실습겸용강의실)','(비NCS)파이썬과 CNN을 활용한 졸음방지 솔루션 개발 프로젝트'),('2023-05-16','훈련','9:10:00','17:00:00','7:50:00','조*현','드론융합실(융합)(실습겸용강의실)','(비NCS)파이썬과 CNN을 활용한 졸음방지 솔루션 개발 프로젝트'),('2023-05-17','훈련','9:10:00','16:00:00','6:50:00','류*걸','드론융합실(융합)(실습겸용강의실)','(비NCS)머신러닝 딥러닝 활용 프로젝트'),('2023-05-18','훈련','9:10:00','17:00:00','7:50:00','류*걸','드론융합실(융합)(실습겸용강의실)','(비NCS)머신러닝 딥러닝 활용 프로젝트'),('2023-05-19','훈련','9:10:00','16:00:00','6:50:00','류*걸','드론융합실(융합)(실습겸용강의실)','(비NCS)머신러닝 딥러닝 활용 프로젝트'),('2023-05-22','훈련','9:10:00','16:00:00','6:50:00','조*현','드론융합실(융합)(실습겸용강의실)','(비NCS)파이썬과 CNN을 활용한 졸음방지 솔루션 개발 프로젝트'),('2023-05-23','훈련','9:10:00','16:00:00','6:50:00','류*걸','드론융합실(융합)(실습겸용강의실)','(비NCS)머신러닝 딥러닝 활용 프로젝트'),('2023-05-24','훈련','9:10:00','15:00:00','5:50:00','류*걸','드론융합실(융합)(실습겸용강의실)','(비NCS)머신러닝 딥러닝 활용 프로젝트');
/*!40000 ALTER TABLE `class_schedule` ENABLE KEYS */;
UNLOCK TABLES;

--
-- Table structure for table `message`
--

DROP TABLE IF EXISTS `message`;
/*!40101 SET @saved_cs_client     = @@character_set_client */;
/*!50503 SET character_set_client = utf8mb4 */;
CREATE TABLE `message` (
  `id_Number` int NOT NULL,
  `Message` varchar(600) DEFAULT NULL,
  `Time` datetime DEFAULT NULL,
  `Receiver` varchar(45) DEFAULT NULL,
  KEY `id_Num_idx` (`id_Number`),
  KEY `Message_id_num_idx` (`id_Number`),
  CONSTRAINT `Message_id_num` FOREIGN KEY (`id_Number`) REFERENCES `person` (`id_Num`)
) ENGINE=InnoDB DEFAULT CHARSET=utf8mb4 COLLATE=utf8mb4_0900_ai_ci;
/*!40101 SET character_set_client = @saved_cs_client */;

--
-- Dumping data for table `message`
--

LOCK TABLES `message` WRITE;
/*!40000 ALTER TABLE `message` DISABLE KEYS */;
INSERT INTO `message` VALUES (3,'안녕하세요','2023-01-10 20:08:33','이상복'),(3,'반갑습니다','2023-01-10 20:43:04','이상복'),(3,'안녕히계세요','2023-01-10 20:43:10','이상복'),(5,'안녕하세요 교수님','2023-01-10 20:43:27','이상복');
/*!40000 ALTER TABLE `message` ENABLE KEYS */;
UNLOCK TABLES;

--
-- Table structure for table `person`
--

DROP TABLE IF EXISTS `person`;
/*!40101 SET @saved_cs_client     = @@character_set_client */;
/*!50503 SET character_set_client = utf8mb4 */;
CREATE TABLE `person` (
  `id_Num` int NOT NULL AUTO_INCREMENT,
  `ID` varchar(45) DEFAULT NULL,
  `Password` varchar(45) DEFAULT NULL,
  `Course_Start` date DEFAULT '2022-10-25',
  `Course_End` date DEFAULT '2023-05-24',
  `Name` varchar(45) DEFAULT NULL,
  PRIMARY KEY (`id_Num`)
) ENGINE=InnoDB AUTO_INCREMENT=103 DEFAULT CHARSET=utf8mb4 COLLATE=utf8mb4_0900_ai_ci;
/*!40101 SET character_set_client = @saved_cs_client */;

--
-- Dumping data for table `person`
--

LOCK TABLES `person` WRITE;
/*!40000 ALTER TABLE `person` DISABLE KEYS */;
INSERT INTO `person` VALUES (1,NULL,NULL,'2022-10-25','2023-05-24','강민영'),(2,NULL,NULL,'2022-10-25','2023-05-24','고연재'),(3,'gi6803','1234','2022-10-25','2023-05-24','김기태'),(4,NULL,NULL,'2022-10-25','2023-05-24','김명은'),(5,'ksi','1234','2022-10-25','2023-05-24','김성일'),(6,NULL,NULL,'2022-10-25','2023-05-24','김연수'),(7,NULL,NULL,'2022-10-25','2023-05-24','김재일'),(8,NULL,NULL,'2022-10-25','2023-05-24','노도현'),(9,NULL,NULL,'2022-10-25','2023-05-24','류가미'),(10,NULL,NULL,'2022-10-25','2023-05-24','박규환'),(11,NULL,NULL,'2022-10-25','2023-05-24','박성빈'),(12,NULL,NULL,'2022-10-25','2023-05-24','박시형'),(13,NULL,NULL,'2022-10-25','2023-05-24','박의용'),(14,NULL,NULL,'2022-10-25','2023-05-24','오송화'),(15,NULL,NULL,'2022-10-25','2023-05-24','이범규'),(16,NULL,NULL,'2022-10-25','2023-05-24','이보라'),(17,NULL,NULL,'2022-10-25','2023-05-24','이소윤'),(18,NULL,NULL,'2022-10-25','2023-05-24','이여름'),(19,NULL,NULL,'2022-10-25','2023-05-24','이지혜'),(20,NULL,NULL,'2022-10-25','2023-05-24','이현도'),(21,NULL,NULL,'2022-10-25','2023-05-24','임성경'),(22,NULL,NULL,'2022-10-25','2023-05-24','임영효'),(23,NULL,NULL,'2022-10-25','2023-05-24','임홍선'),(24,NULL,NULL,'2022-10-25','2023-05-24','장은희'),(25,NULL,NULL,'2022-10-25','2023-05-24','정연우'),(26,NULL,NULL,'2022-10-25','2023-05-24','정철우'),(28,NULL,NULL,'2022-10-25','2023-05-24','주민석'),(29,NULL,NULL,'2022-10-25','2023-05-24','최지혁'),(100,'boki','1234','2022-10-25','2023-05-24','이상복'),(101,'ryu','1234','2022-10-25','2023-05-24','조동현'),(102,'Jodong','1234','2022-10-25','2023-05-24','류홍걸');
/*!40000 ALTER TABLE `person` ENABLE KEYS */;
UNLOCK TABLES;

--
-- Table structure for table `person_info`
--

DROP TABLE IF EXISTS `person_info`;
/*!40101 SET @saved_cs_client     = @@character_set_client */;
/*!50503 SET character_set_client = utf8mb4 */;
CREATE TABLE `person_info` (
  `id_Num` int NOT NULL,
  `Name` varchar(45) DEFAULT NULL,
  `Entrance` datetime DEFAULT NULL,
  `Leave_time` datetime DEFAULT NULL,
  `Comeback` datetime DEFAULT NULL,
  `Excursion` datetime DEFAULT NULL,
  `Date` date DEFAULT NULL,
  `NameDate` varchar(45) DEFAULT NULL,
  UNIQUE KEY `person_infocol_UNIQUE` (`NameDate`),
  KEY `id_Num_idx` (`id_Num`),
  CONSTRAINT `id_Num` FOREIGN KEY (`id_Num`) REFERENCES `person` (`id_Num`)
) ENGINE=InnoDB DEFAULT CHARSET=utf8mb4 COLLATE=utf8mb4_0900_ai_ci;
/*!40101 SET character_set_client = @saved_cs_client */;

--
-- Dumping data for table `person_info`
--

LOCK TABLES `person_info` WRITE;
/*!40000 ALTER TABLE `person_info` DISABLE KEYS */;
INSERT INTO `person_info` VALUES (3,'김기태','2023-10-25 09:00:00','2023-10-25 17:00:00',NULL,NULL,'2022-10-25','김기태2022-10-25'),(3,'김기태','2023-10-26 09:00:00','2023-10-26 17:00:00',NULL,NULL,'2022-10-26','김기태2022-10-26'),(3,'김기태','2023-10-27 09:00:00','2023-10-27 17:00:00',NULL,NULL,'2022-10-27','김기태2022-10-27'),(3,'김기태','2023-10-28 09:00:00','2023-10-28 17:00:00',NULL,NULL,'2022-10-28','김기태2022-10-28'),(3,'김기태','2022-11-01 09:00:00','2022-11-01 17:00:00',NULL,NULL,'2022-11-01','김기태2022-11-01'),(3,'김기태','2022-11-02 09:00:00','2022-11-02 17:00:00',NULL,NULL,'2022-11-02','김기태2022-11-02'),(3,'김기태','2022-11-03 09:00:00','2022-11-03 17:00:00',NULL,NULL,'2022-11-03','김기태2022-11-03'),(3,'김기태','2022-11-04 09:00:00','2022-11-04 17:00:00',NULL,NULL,'2022-11-04','김기태2022-11-04'),(3,'김기태','2022-11-07 09:00:00','2022-11-07 17:00:00',NULL,NULL,'2022-11-07','김기태2022-11-07'),(3,'김기태','2022-11-08 09:00:00','2022-11-08 17:00:00',NULL,NULL,'2022-11-08','김기태2022-11-08'),(3,'김기태','2022-11-09 09:00:00','2022-11-09 17:00:00',NULL,NULL,'2022-11-09','김기태2022-11-09'),(3,'김기태','2022-11-10 09:00:00','2022-11-10 17:00:00',NULL,NULL,'2022-11-10','김기태2022-11-10'),(3,'김기태','2022-11-11 09:00:00','2022-11-11 17:00:00',NULL,NULL,'2022-11-11','김기태2022-11-11'),(3,'김기태','2022-11-14 09:00:00','2022-11-14 17:00:00',NULL,NULL,'2022-11-14','김기태2022-11-14'),(3,'김기태','2022-11-15 09:00:00','2022-11-15 17:00:00',NULL,NULL,'2022-11-15','김기태2022-11-15'),(3,'김기태','2022-11-16 09:00:00','2022-11-16 17:00:00',NULL,NULL,'2022-11-16','김기태2022-11-16'),(3,'김기태','2022-11-17 09:00:00','2022-11-17 17:00:00',NULL,NULL,'2022-11-17','김기태2022-11-17'),(3,'김기태','2022-11-18 09:00:00','2022-11-18 17:00:00',NULL,NULL,'2022-11-18','김기태2022-11-18'),(3,'김기태','2022-11-21 09:00:00','2022-11-21 17:00:00',NULL,NULL,'2022-11-21','김기태2022-11-21'),(3,'김기태','2022-11-22 09:00:00','2022-11-22 17:00:00',NULL,NULL,'2022-11-22','김기태2022-11-22'),(3,'김기태','2022-11-23 09:00:00','2022-11-23 17:00:00',NULL,NULL,'2022-11-23','김기태2022-11-23'),(3,'김기태','2022-11-24 09:00:00','2022-11-24 17:00:00',NULL,NULL,'2022-11-24','김기태2022-11-24'),(3,'김기태','2022-11-25 09:00:00','2022-11-25 17:00:00',NULL,NULL,'2022-11-25','김기태2022-11-25'),(3,'김기태','2022-11-28 09:00:00','2022-11-28 17:00:00',NULL,NULL,'2022-11-28','김기태2022-11-28'),(3,'김기태','2022-11-29 09:00:00','2022-11-29 17:00:00',NULL,NULL,'2022-11-29','김기태2022-11-29'),(3,'김기태','2022-11-30 09:00:00','2022-11-30 17:00:00',NULL,NULL,'2022-11-30','김기태2022-11-30'),(3,'김기태','2022-12-05 09:00:00','2022-12-05 17:00:00',NULL,NULL,'2022-12-05','김기태2022-12-05'),(3,'김기태','2022-12-06 09:00:00','2022-12-06 17:00:00',NULL,NULL,'2022-12-06','김기태2022-12-06'),(3,'김기태','2022-12-07 09:00:00','2022-12-07 17:00:00',NULL,NULL,'2022-12-07','김기태2022-12-07'),(3,'김기태','2022-12-08 09:00:00','2022-12-08 17:00:00',NULL,NULL,'2022-12-08','김기태2022-12-08'),(3,'김기태','2022-12-09 09:00:00','2022-12-09 17:00:00',NULL,NULL,'2022-12-09','김기태2022-12-09'),(3,'김기태','2022-12-12 09:00:00','2022-12-12 17:00:00',NULL,NULL,'2022-12-12','김기태2022-12-12'),(3,'김기태','2022-12-13 09:00:00','2022-12-13 17:00:00',NULL,NULL,'2022-12-13','김기태2022-12-13'),(3,'김기태','2022-12-14 09:00:00','2022-12-14 17:00:00',NULL,NULL,'2022-12-14','김기태2022-12-14'),(3,'김기태','2022-12-15 09:00:00','2022-12-15 17:00:00',NULL,NULL,'2022-12-15','김기태2022-12-15'),(3,'김기태','2022-12-16 09:00:00','2022-12-16 17:00:00',NULL,NULL,'2022-12-16','김기태2022-12-16'),(3,'김기태','2022-12-17 09:00:00','2022-12-17 17:00:00',NULL,NULL,'2022-12-19','김기태2022-12-19'),(3,'김기태','2022-12-20 09:00:00','2022-12-20 17:00:00','2022-12-20 10:00:00','2022-12-20 13:00:00','2022-12-20','김기태2022-12-20'),(3,'김기태','2022-12-21 09:00:00',NULL,NULL,NULL,'2022-12-21','김기태2022-12-21'),(3,'김기태','2022-12-22 09:00:00','2022-12-22 14:00:00',NULL,NULL,'2022-12-22','김기태2022-12-22'),(3,'김기태','2022-12-23 09:00:00','2022-12-23 17:00:00',NULL,NULL,'2022-12-23','김기태2022-12-23'),(3,'김기태','2023-01-02 09:16:10','2023-01-02 09:33:24',NULL,NULL,'2023-01-02','김기태2023-01-02'),(3,'김기태','2023-01-03 09:16:10','2023-01-03 17:33:24',NULL,NULL,'2023-01-03','김기태2023-01-03'),(3,'김기태','2023-01-04 09:16:10','2023-01-04 17:33:24',NULL,NULL,'2023-01-04','김기태2023-01-04'),(3,'김기태','2023-01-05 09:16:10','2023-01-05 17:33:24',NULL,NULL,'2023-01-05','김기태2023-01-05'),(3,'김기태','2023-01-06 09:16:10','2023-01-06 17:33:24',NULL,NULL,'2023-01-06','김기태2023-01-06'),(3,'김기태','2023-01-09 09:21:22','2023-01-09 17:33:24',NULL,NULL,'2023-01-09','김기태2023-01-09'),(3,'김기태','2023-01-10 09:16:10','2023-01-10 09:33:24','2023-01-10 15:39:19','2023-01-10 09:24:56','2023-01-10','김기태2023-01-10'),(5,'김성일','2023-01-10 09:16:10','2023-01-10 09:33:24','2023-01-10 09:27:11','2023-01-10 09:24:56','2023-01-10','김성일2023-01-10');
/*!40000 ALTER TABLE `person_info` ENABLE KEYS */;
UNLOCK TABLES;

--
-- Table structure for table `schedule`
--

DROP TABLE IF EXISTS `schedule`;
/*!40101 SET @saved_cs_client     = @@character_set_client */;
/*!50503 SET character_set_client = utf8mb4 */;
CREATE TABLE `schedule` (
  `ID_num` int NOT NULL,
  `Date` date NOT NULL,
  `Schedule` varchar(300) DEFAULT NULL
) ENGINE=InnoDB DEFAULT CHARSET=utf8mb4 COLLATE=utf8mb4_0900_ai_ci;
/*!40101 SET character_set_client = @saved_cs_client */;

--
-- Dumping data for table `schedule`
--

LOCK TABLES `schedule` WRITE;
/*!40000 ALTER TABLE `schedule` DISABLE KEYS */;
INSERT INTO `schedule` VALUES (3,'2023-01-10','21:30 개발일지쓰고 긱사가기'),(3,'2023-01-10','5시 탈주하고싶음');
/*!40000 ALTER TABLE `schedule` ENABLE KEYS */;
UNLOCK TABLES;
/*!40103 SET TIME_ZONE=@OLD_TIME_ZONE */;

/*!40101 SET SQL_MODE=@OLD_SQL_MODE */;
/*!40014 SET FOREIGN_KEY_CHECKS=@OLD_FOREIGN_KEY_CHECKS */;
/*!40014 SET UNIQUE_CHECKS=@OLD_UNIQUE_CHECKS */;
/*!40101 SET CHARACTER_SET_CLIENT=@OLD_CHARACTER_SET_CLIENT */;
/*!40101 SET CHARACTER_SET_RESULTS=@OLD_CHARACTER_SET_RESULTS */;
/*!40101 SET COLLATION_CONNECTION=@OLD_COLLATION_CONNECTION */;
/*!40111 SET SQL_NOTES=@OLD_SQL_NOTES */;

-- Dump completed on 2023-01-10 21:10:33
